/*!40101 SET @OLD_CHARACTER_SET_CLIENT=@@CHARACTER_SET_CLIENT */;
/*!40101 SET @OLD_CHARACTER_SET_RESULTS=@@CHARACTER_SET_RESULTS */;
/*!40101 SET @OLD_COLLATION_CONNECTION=@@COLLATION_CONNECTION */;
/*!40101 SET NAMES utf8 */;
/*!40014 SET @OLD_FOREIGN_KEY_CHECKS=@@FOREIGN_KEY_CHECKS, FOREIGN_KEY_CHECKS=0 */;
/*!40101 SET @OLD_SQL_MODE=@@SQL_MODE, SQL_MODE='NO_AUTO_VALUE_ON_ZERO' */;
/*!40111 SET @OLD_SQL_NOTES=@@SQL_NOTES, SQL_NOTES=0 */;

# ------------------------------------------------------------
# SCHEMA DUMP FOR TABLE: approvals
# ------------------------------------------------------------

CREATE TABLE IF NOT EXISTS `approvals` (
  `DocEntry` int(11) NOT NULL AUTO_INCREMENT,
  `createdBy` int(11) DEFAULT NULL,
  `createdDate` timestamp NOT NULL DEFAULT CURRENT_TIMESTAMP,
  `description` varchar(150) DEFAULT NULL,
  `project_id` int(11) DEFAULT NULL,
  `Title` varchar(150) DEFAULT NULL,
  `type` int(11) DEFAULT NULL,
  `unique_project_if_void1` int(11) DEFAULT NULL,
  `void` int(11) DEFAULT '1',
  PRIMARY KEY (`DocEntry`),
  UNIQUE KEY `Title` (`Title`),
  UNIQUE KEY `unique_project_if_void1` (`unique_project_if_void1`),
  UNIQUE KEY `unique_project_void` (`unique_project_if_void1`)
) ENGINE = InnoDB AUTO_INCREMENT = 4 DEFAULT CHARSET = utf8mb4;

# ------------------------------------------------------------
# SCHEMA DUMP FOR TABLE: approvals_approvers
# ------------------------------------------------------------

CREATE TABLE IF NOT EXISTS `approvals_approvers` (
  `DocNum` int(11) NOT NULL AUTO_INCREMENT,
  `DocEntry` int(11) DEFAULT NULL,
  `uID` int(11) DEFAULT NULL,
  `createdDate` timestamp NOT NULL DEFAULT CURRENT_TIMESTAMP,
  `void` int(11) DEFAULT '1',
  PRIMARY KEY (`DocNum`)
) ENGINE = InnoDB AUTO_INCREMENT = 4 DEFAULT CHARSET = utf8mb4;

# ------------------------------------------------------------
# SCHEMA DUMP FOR TABLE: approvals_decisions
# ------------------------------------------------------------

CREATE TABLE IF NOT EXISTS `approvals_decisions` (
  `DocNum` int(11) NOT NULL AUTO_INCREMENT,
  `ApprovalApproverID` int(11) DEFAULT NULL,
  `ApprovalID` int(11) DEFAULT NULL,
  `CreatedDate` timestamp NOT NULL DEFAULT CURRENT_TIMESTAMP,
  `decision` int(11) DEFAULT '0' COMMENT '0=Pending \r\n1=Approved\r\n2=Rejected',
  `DocEntry` int(11) DEFAULT NULL,
  `void` int(11) DEFAULT '1',
  PRIMARY KEY (`DocNum`)
) ENGINE = InnoDB AUTO_INCREMENT = 11 DEFAULT CHARSET = utf8mb4;

# ------------------------------------------------------------
# SCHEMA DUMP FOR TABLE: audit_log
# ------------------------------------------------------------

CREATE TABLE IF NOT EXISTS `audit_log` (
  `id` bigint(20) NOT NULL AUTO_INCREMENT,
  `table_name` varchar(100) DEFAULT NULL,
  `record_id` varchar(100) DEFAULT NULL,
  `action_type` enum('INSERT', 'UPDATE', 'DELETE') DEFAULT NULL,
  `old_data` longtext,
  `new_data` longtext,
  `user_name` varchar(100) DEFAULT NULL,
  `created_at` timestamp NOT NULL DEFAULT CURRENT_TIMESTAMP,
  PRIMARY KEY (`id`)
) ENGINE = InnoDB AUTO_INCREMENT = 420 DEFAULT CHARSET = latin1;

# ------------------------------------------------------------
# SCHEMA DUMP FOR TABLE: bookings
# ------------------------------------------------------------

CREATE TABLE IF NOT EXISTS `bookings` (
  `DocEntry` int(11) NOT NULL AUTO_INCREMENT,
  `projects_data_a_header_entry` int(11) NOT NULL,
  `Title` int(11) NOT NULL,
  `bookingDate` date NOT NULL,
  `CreatedBy` int(11) NOT NULL,
  `CreatedDate` timestamp NOT NULL DEFAULT CURRENT_TIMESTAMP,
  `UpdatedDate` datetime DEFAULT NULL,
  `void` int(11) NOT NULL DEFAULT '1',
  PRIMARY KEY (`DocEntry`)
) ENGINE = InnoDB AUTO_INCREMENT = 66 DEFAULT CHARSET = latin1;

# ------------------------------------------------------------
# SCHEMA DUMP FOR TABLE: chart_of_accounts
# ------------------------------------------------------------

CREATE TABLE IF NOT EXISTS `chart_of_accounts` (
  `DocEntry` int(11) NOT NULL AUTO_INCREMENT,
  `Code` varchar(150) NOT NULL,
  `Name` varchar(150) NOT NULL,
  `CreatedDate` timestamp NOT NULL DEFAULT CURRENT_TIMESTAMP,
  `createdBy` int(11) NOT NULL,
  `Void` int(11) NOT NULL DEFAULT '1',
  `type` varchar(50) NOT NULL,
  PRIMARY KEY (`DocEntry`),
  UNIQUE KEY `UNIQUE_code` (`Code`)
) ENGINE = InnoDB AUTO_INCREMENT = 11 DEFAULT CHARSET = latin1;

# ------------------------------------------------------------
# SCHEMA DUMP FOR TABLE: chart_of_accountsmap
# ------------------------------------------------------------

CREATE TABLE IF NOT EXISTS `chart_of_accountsmap` (
  `DocEntry` int(11) NOT NULL AUTO_INCREMENT,
  `Type` varchar(150) NOT NULL,
  `Dr_code` varchar(50) NOT NULL,
  `Ar_code` varchar(50) NOT NULL,
  `createdDate` timestamp NOT NULL DEFAULT CURRENT_TIMESTAMP,
  `createdBy` int(11) NOT NULL,
  `void` int(11) NOT NULL DEFAULT '1',
  PRIMARY KEY (`DocEntry`)
) ENGINE = InnoDB AUTO_INCREMENT = 2 DEFAULT CHARSET = latin1;

# ------------------------------------------------------------
# SCHEMA DUMP FOR TABLE: evaluation
# ------------------------------------------------------------

CREATE TABLE IF NOT EXISTS `evaluation` (
  `DocEntry` int(11) NOT NULL AUTO_INCREMENT,
  `bookingid` varchar(50) DEFAULT NULL,
  `type_of_house` varchar(50) DEFAULT NULL,
  `other_source_of_income` varchar(100) DEFAULT NULL,
  `occupation` varchar(100) DEFAULT NULL,
  `monthly_income` varchar(50) DEFAULT NULL,
  `number_of_meals` varchar(50) DEFAULT NULL,
  `source_of_water_per_month` varchar(100) DEFAULT NULL,
  `source_of_fuel_per_month` varchar(100) DEFAULT NULL,
  `source_of_light_per_month` varchar(100) DEFAULT NULL,
  `house_and_lot` varchar(100) DEFAULT NULL,
  `appliances` varchar(255) DEFAULT NULL,
  `economic_condition` varchar(255) DEFAULT NULL,
  `expenditures_vs_income_analysis` varchar(255) DEFAULT NULL,
  `evaluation_recommendation` varchar(255) DEFAULT NULL,
  `problem_presented` text,
  `economic_and_family_background` text,
  `assessment` text,
  `recommendation` text NOT NULL,
  `CreatedDate` timestamp NOT NULL DEFAULT CURRENT_TIMESTAMP,
  `void` varchar(1) DEFAULT '1',
  PRIMARY KEY (`DocEntry`)
) ENGINE = InnoDB AUTO_INCREMENT = 18 DEFAULT CHARSET = latin1;

# ------------------------------------------------------------
# SCHEMA DUMP FOR TABLE: fund_entry
# ------------------------------------------------------------

CREATE TABLE IF NOT EXISTS `fund_entry` (
  `DocEntry` int(11) NOT NULL AUTO_INCREMENT,
  `created_by` int(11) NOT NULL,
  `project_header_id` int(11) NOT NULL,
  `requested_fund` float NOT NULL,
  `acquired_fund` float NOT NULL,
  `created_date` timestamp NOT NULL DEFAULT CURRENT_TIMESTAMP,
  `void` int(1) NOT NULL DEFAULT '1',
  PRIMARY KEY (`DocEntry`)
) ENGINE = InnoDB AUTO_INCREMENT = 3 DEFAULT CHARSET = latin1;

# ------------------------------------------------------------
# SCHEMA DUMP FOR TABLE: nav_manager
# ------------------------------------------------------------

CREATE TABLE IF NOT EXISTS `nav_manager` (
  `id` int(11) NOT NULL,
  `user_id` int(11) NOT NULL,
  `navID` int(11) NOT NULL,
  `Name` varchar(100) NOT NULL,
  `admin_level` int(11) NOT NULL,
  `staff_levl` int(11) NOT NULL,
  `user_level` int(11) NOT NULL,
  `void` int(11) NOT NULL DEFAULT '1',
  PRIMARY KEY (`id`),
  UNIQUE KEY `unique_user_nav` (`user_id`, `navID`)
) ENGINE = InnoDB DEFAULT CHARSET = latin1;

# ------------------------------------------------------------
# SCHEMA DUMP FOR TABLE: ousr
# ------------------------------------------------------------

CREATE TABLE IF NOT EXISTS `ousr` (
  `DocEntry` int(11) NOT NULL AUTO_INCREMENT,
  `email` varchar(255) DEFAULT NULL,
  `FirstName` varchar(255) DEFAULT NULL,
  `LastName` varchar(255) DEFAULT NULL,
  `MiddleName` varchar(255) DEFAULT NULL,
  `pass` varchar(255) DEFAULT NULL,
  `type` int(11) DEFAULT '3',
  `user` varchar(255) DEFAULT NULL,
  `barangay` varchar(200) NOT NULL,
  `void` int(1) DEFAULT '0',
  PRIMARY KEY (`DocEntry`)
) ENGINE = InnoDB AUTO_INCREMENT = 26 DEFAULT CHARSET = utf8mb4;

# ------------------------------------------------------------
# SCHEMA DUMP FOR TABLE: projects
# ------------------------------------------------------------

CREATE TABLE IF NOT EXISTS `projects` (
  `DocEntry` int(11) NOT NULL AUTO_INCREMENT,
  `AddedBy` int(11) DEFAULT NULL,
  `createdDate` timestamp NOT NULL DEFAULT CURRENT_TIMESTAMP,
  `Disc` varchar(150) DEFAULT NULL,
  `Title` varchar(150) DEFAULT NULL,
  `void` int(11) DEFAULT '1',
  PRIMARY KEY (`DocEntry`),
  UNIQUE KEY `Title_unique` (`Title`),
  FULLTEXT KEY `Title` (`Title`)
) ENGINE = InnoDB AUTO_INCREMENT = 31 DEFAULT CHARSET = utf8mb4;

# ------------------------------------------------------------
# SCHEMA DUMP FOR TABLE: projects_data_a_header
# ------------------------------------------------------------

CREATE TABLE IF NOT EXISTS `projects_data_a_header` (
  `DocEntry` int(11) NOT NULL AUTO_INCREMENT,
  `CreatedBy` int(11) NOT NULL,
  `ProjectID` int(11) NOT NULL,
  `createdDate` timestamp NOT NULL DEFAULT CURRENT_TIMESTAMP,
  `canceled` int(11) DEFAULT '1' COMMENT '0 = yes \r\n1 = no',
  `void` int(11) NOT NULL DEFAULT '0' COMMENT '0=pending\r\n1=Approved\r\n2=Rejected',
  PRIMARY KEY (`DocEntry`)
) ENGINE = InnoDB AUTO_INCREMENT = 14 DEFAULT CHARSET = utf8mb4;

# ------------------------------------------------------------
# SCHEMA DUMP FOR TABLE: projects_data_b_lines
# ------------------------------------------------------------

CREATE TABLE IF NOT EXISTS `projects_data_b_lines` (
  `DocNum` int(11) NOT NULL AUTO_INCREMENT,
  `DocEntry` int(11) NOT NULL,
  `Requirements_id` int(11) NOT NULL,
  `Requirements_value` varchar(250) NOT NULL,
  `void` int(1) NOT NULL DEFAULT '1',
  PRIMARY KEY (`DocNum`)
) ENGINE = InnoDB AUTO_INCREMENT = 45 DEFAULT CHARSET = utf8mb4;

# ------------------------------------------------------------
# SCHEMA DUMP FOR TABLE: projects_data_c_table
# ------------------------------------------------------------

CREATE TABLE IF NOT EXISTS `projects_data_c_table` (
  `DocNum` int(11) NOT NULL AUTO_INCREMENT,
  `DocEntry` int(11) NOT NULL,
  `Requirements_id` int(11) NOT NULL,
  `Requirements_value` varchar(250) NOT NULL,
  `LineID` int(11) NOT NULL,
  `void` int(1) NOT NULL DEFAULT '1',
  PRIMARY KEY (`DocNum`)
) ENGINE = InnoDB AUTO_INCREMENT = 37 DEFAULT CHARSET = utf8mb4;

# ------------------------------------------------------------
# SCHEMA DUMP FOR TABLE: projects_requirements
# ------------------------------------------------------------

CREATE TABLE IF NOT EXISTS `projects_requirements` (
  `DocNum` int(11) NOT NULL AUTO_INCREMENT,
  `DocEntry` int(11) DEFAULT NULL,
  `LineID` int(11) DEFAULT NULL,
  `createdBy` int(11) DEFAULT NULL,
  `createdDate` timestamp NOT NULL DEFAULT CURRENT_TIMESTAMP,
  `title` varchar(255) DEFAULT NULL,
  `type` varchar(255) DEFAULT NULL,
  `value` varchar(255) DEFAULT NULL,
  `void` int(11) DEFAULT '1',
  PRIMARY KEY (`DocNum`)
) ENGINE = InnoDB AUTO_INCREMENT = 55 DEFAULT CHARSET = utf8mb4;

# ------------------------------------------------------------
# SCHEMA DUMP FOR TABLE: projects_requirements_table
# ------------------------------------------------------------

CREATE TABLE IF NOT EXISTS `projects_requirements_table` (
  `DocNum` int(11) NOT NULL AUTO_INCREMENT,
  `DocEntry` int(11) NOT NULL,
  `LineNum` int(11) NOT NULL,
  `label` varchar(255) NOT NULL,
  `type` varchar(10) NOT NULL,
  `void` int(1) NOT NULL DEFAULT '1',
  PRIMARY KEY (`DocNum`)
) ENGINE = InnoDB AUTO_INCREMENT = 15 DEFAULT CHARSET = utf8mb4;

# ------------------------------------------------------------
# SCHEMA DUMP FOR TABLE: report_optn
# ------------------------------------------------------------

CREATE TABLE IF NOT EXISTS `report_optn` (
  `DocEntry` int(11) NOT NULL AUTO_INCREMENT,
  `ReportName` varchar(100) NOT NULL,
  `NotedBy` varchar(100) NOT NULL,
  `void` int(11) NOT NULL DEFAULT '1',
  PRIMARY KEY (`DocEntry`)
) ENGINE = InnoDB DEFAULT CHARSET = latin1;

# ------------------------------------------------------------
# SCHEMA DUMP FOR TABLE: role_manager
# ------------------------------------------------------------

CREATE TABLE IF NOT EXISTS `role_manager` (
  `id` int(11) NOT NULL AUTO_INCREMENT,
  `nav_id` int(11) NOT NULL,
  `staff` int(11) NOT NULL DEFAULT '0',
  `user` int(11) NOT NULL DEFAULT '0',
  PRIMARY KEY (`id`),
  UNIQUE KEY `nav_id` (`nav_id`)
) ENGINE = InnoDB AUTO_INCREMENT = 36 DEFAULT CHARSET = latin1;

# ------------------------------------------------------------
# SCHEMA DUMP FOR TABLE: selectionlist
# ------------------------------------------------------------

CREATE TABLE IF NOT EXISTS `selectionlist` (
  `DocEntry` int(11) NOT NULL AUTO_INCREMENT,
  `Code` varchar(150) DEFAULT NULL,
  `CreatedBy` int(11) DEFAULT NULL,
  `CreatedDate` timestamp NOT NULL DEFAULT CURRENT_TIMESTAMP,
  `Name` varchar(150) DEFAULT NULL,
  `Void` int(11) DEFAULT '1',
  PRIMARY KEY (`DocEntry`),
  UNIQUE KEY `Code` (`Code`)
) ENGINE = InnoDB AUTO_INCREMENT = 27 DEFAULT CHARSET = utf8mb4;

# ------------------------------------------------------------
# SCHEMA DUMP FOR TABLE: selectionlist_fields
# ------------------------------------------------------------

CREATE TABLE IF NOT EXISTS `selectionlist_fields` (
  `DocNum` int(11) NOT NULL AUTO_INCREMENT,
  `DocEntry` int(11) DEFAULT NULL,
  `lineNum` int(11) DEFAULT NULL,
  `name` varchar(255) DEFAULT NULL,
  `void` int(11) DEFAULT '1',
  PRIMARY KEY (`DocNum`)
) ENGINE = InnoDB AUTO_INCREMENT = 140 DEFAULT CHARSET = utf8mb4;

# ------------------------------------------------------------
# SCHEMA DUMP FOR TABLE: user_notifications
# ------------------------------------------------------------

CREATE TABLE IF NOT EXISTS `user_notifications` (
  `DocEntry` int(11) NOT NULL AUTO_INCREMENT,
  `created_by` int(11) NOT NULL,
  `notif_to_id` int(11) NOT NULL,
  `title` varchar(250) NOT NULL,
  `msg` varchar(250) NOT NULL,
  `createdTimeStamp` timestamp NOT NULL DEFAULT CURRENT_TIMESTAMP,
  `isRead` int(11) NOT NULL DEFAULT '0',
  `void` int(11) NOT NULL DEFAULT '1',
  PRIMARY KEY (`DocEntry`)
) ENGINE = InnoDB AUTO_INCREMENT = 21 DEFAULT CHARSET = latin1;

# ------------------------------------------------------------
# SCHEMA DUMP FOR TABLE: vwdmf_approval_status
# ------------------------------------------------------------

CREATE OR REPLACE VIEW `vwdmf_approval_status` AS
select
  `b`.`project_id` AS `project_id`,
  `a`.`DocEntry` AS `DocEntry`,(
  case
    when (count(if((`a`.`decision` = 2), 1, NULL)) > 0) then 'Rejected'
    when (
    (`b`.`type` = 2)
    and (count(if((`a`.`decision` = 1), 1, NULL)) > 0)
    ) then 'Approved'
    when (
    (`b`.`type` = 1)
    and (
      count(if((`a`.`decision` = 1), 1, NULL)) = count(`a`.`ApprovalApproverID`)
    )
    ) then 'Approved'
    else 'Pending'
  end
  ) AS `FinalApprovalStatus`
from
  (
  (
    `approvals_decisions` `a`
    left join `approvals` `b` on((`b`.`DocEntry` = `a`.`ApprovalID`))
  )
  left join `ousr` `c` on((`c`.`DocEntry` = `a`.`ApprovalApproverID`))
  )
group by
  `a`.`DocEntry`,
  `b`.`type`,
  `b`.`project_id`;

# ------------------------------------------------------------
# SCHEMA DUMP FOR TABLE: vwproject_data_entries
# ------------------------------------------------------------

CREATE OR REPLACE VIEW `vwproject_data_entries` AS
select
  `a`.`DocEntry` AS `DocEntry`,
  `b`.`Title` AS `projectTitle`,
  `b`.`Disc` AS `Disc`,
  `c`.`Requirements_id` AS `Requirements_id`,
  `c`.`Requirements_value` AS `Requirements_value`,
  `e`.`title` AS `title`,
  `e`.`type` AS `type`,
  `f`.`name` AS `name`,
  if(
  isnull(`f`.`name`),
  `c`.`Requirements_value`,
  `f`.`name`
  ) AS `iValue`,
  `c`.`DocNum` AS `dataNumber`
from
  (
  (
    (
    (
      `projects_data_a_header` `a`
      left join `projects` `b` on((`a`.`ProjectID` = `b`.`DocEntry`))
    )
    left join `projects_data_b_lines` `c` on((`c`.`DocEntry` = `a`.`DocEntry`))
    )
    left join `projects_requirements` `e` on((`e`.`DocNum` = `c`.`Requirements_id`))
  )
  left join `selectionlist_fields` `f` on((`f`.`DocNum` = `c`.`Requirements_value`))
  )
where
  (
  (`c`.`Requirements_value` <> 'table')
  or (
    `c`.`DocNum` = (
    select
      min(`c2`.`DocNum`)
    from
      `projects_data_b_lines` `c2`
    where
      (
      (`c2`.`DocEntry` = `c`.`DocEntry`)
      and (`c2`.`Requirements_id` = `c`.`Requirements_id`)
      and (`c2`.`Requirements_value` = 'table')
      )
    )
  )
  )
order by
  `a`.`DocEntry`,
  `c`.`Requirements_id`;

# ------------------------------------------------------------
# SCHEMA DUMP FOR TABLE: vwproject_table_label
# ------------------------------------------------------------

CREATE OR REPLACE VIEW `vwproject_table_label` AS
select
  if(isnull(`b`.`Code`), `a`.`label`, `b`.`Code`) AS `label`,
  `a`.`DocEntry` AS `DocEntry`,
  `a`.`DocNum` AS `DocNum`
from
  (
  `projects_requirements_table` `a`
  left join `selectionlist` `b` on((`a`.`label` = `b`.`DocEntry`))
  );

# ------------------------------------------------------------
# DATA DUMP FOR TABLE: approvals
# ------------------------------------------------------------

INSERT INTO
  `approvals` (
    `DocEntry`,
    `createdBy`,
    `createdDate`,
    `description`,
    `project_id`,
    `Title`,
    `type`,
    `unique_project_if_void1`,
    `void`
  )
VALUES
  (
    1,
    1,
    '2025-10-14 21:00:13',
    'to capture personal details, background, and the type of assistance requested, serving as the first step in processing and evaluating client needs for',
    24,
    'General Intake',
    1,
    NULL,
    1
  );
INSERT INTO
  `approvals` (
    `DocEntry`,
    `createdBy`,
    `createdDate`,
    `description`,
    `project_id`,
    `Title`,
    `type`,
    `unique_project_if_void1`,
    `void`
  )
VALUES
  (
    2,
    0,
    '2025-10-14 21:06:53',
    'collects essential information such as name, contact details, and user credentials. This form ensures proper user identification, access control, and ',
    1,
    'User Registration',
    1,
    NULL,
    1
  );
INSERT INTO
  `approvals` (
    `DocEntry`,
    `createdBy`,
    `createdDate`,
    `description`,
    `project_id`,
    `Title`,
    `type`,
    `unique_project_if_void1`,
    `void`
  )
VALUES
  (
    3,
    1,
    '2025-10-19 18:25:07',
    'Fun request Approval',
    30,
    'Fun request Approval',
    2,
    NULL,
    1
  );

# ------------------------------------------------------------
# DATA DUMP FOR TABLE: approvals_approvers
# ------------------------------------------------------------

INSERT INTO
  `approvals_approvers` (`DocNum`, `DocEntry`, `uID`, `createdDate`, `void`)
VALUES
  (1, 1, 1, '2025-10-14 21:00:13', 1);
INSERT INTO
  `approvals_approvers` (`DocNum`, `DocEntry`, `uID`, `createdDate`, `void`)
VALUES
  (2, 2, 1, '2025-10-14 21:06:53', 1);
INSERT INTO
  `approvals_approvers` (`DocNum`, `DocEntry`, `uID`, `createdDate`, `void`)
VALUES
  (3, 3, 1, '2025-10-19 18:25:07', 1);

# ------------------------------------------------------------
# DATA DUMP FOR TABLE: approvals_decisions
# ------------------------------------------------------------

INSERT INTO
  `approvals_decisions` (
    `DocNum`,
    `ApprovalApproverID`,
    `ApprovalID`,
    `CreatedDate`,
    `decision`,
    `DocEntry`,
    `void`
  )
VALUES
  (1, 1, 1, '2025-10-21 17:41:21', 1, 7, 1);
INSERT INTO
  `approvals_decisions` (
    `DocNum`,
    `ApprovalApproverID`,
    `ApprovalID`,
    `CreatedDate`,
    `decision`,
    `DocEntry`,
    `void`
  )
VALUES
  (2, 1, 2, '2025-10-14 21:09:00', 1, 1, 1);
INSERT INTO
  `approvals_decisions` (
    `DocNum`,
    `ApprovalApproverID`,
    `ApprovalID`,
    `CreatedDate`,
    `decision`,
    `DocEntry`,
    `void`
  )
VALUES
  (3, 1, 1, '2025-10-21 17:45:27', 1, 8, 1);
INSERT INTO
  `approvals_decisions` (
    `DocNum`,
    `ApprovalApproverID`,
    `ApprovalID`,
    `CreatedDate`,
    `decision`,
    `DocEntry`,
    `void`
  )
VALUES
  (4, 1, 2, '2025-10-14 21:09:00', 1, 24, 1);
INSERT INTO
  `approvals_decisions` (
    `DocNum`,
    `ApprovalApproverID`,
    `ApprovalID`,
    `CreatedDate`,
    `decision`,
    `DocEntry`,
    `void`
  )
VALUES
  (5, 1, 3, '2025-10-21 23:48:21', 1, 9, 1);
INSERT INTO
  `approvals_decisions` (
    `DocNum`,
    `ApprovalApproverID`,
    `ApprovalID`,
    `CreatedDate`,
    `decision`,
    `DocEntry`,
    `void`
  )
VALUES
  (6, 1, 2, '2025-10-22 17:02:12', 1, 25, 1);
INSERT INTO
  `approvals_decisions` (
    `DocNum`,
    `ApprovalApproverID`,
    `ApprovalID`,
    `CreatedDate`,
    `decision`,
    `DocEntry`,
    `void`
  )
VALUES
  (7, 1, 1, '2025-10-22 17:21:40', 1, 10, 1);
INSERT INTO
  `approvals_decisions` (
    `DocNum`,
    `ApprovalApproverID`,
    `ApprovalID`,
    `CreatedDate`,
    `decision`,
    `DocEntry`,
    `void`
  )
VALUES
  (8, 1, 3, '2025-10-22 17:22:33', 2, 11, 1);
INSERT INTO
  `approvals_decisions` (
    `DocNum`,
    `ApprovalApproverID`,
    `ApprovalID`,
    `CreatedDate`,
    `decision`,
    `DocEntry`,
    `void`
  )
VALUES
  (9, 1, 3, '2025-10-22 17:23:32', 2, 12, 1);
INSERT INTO
  `approvals_decisions` (
    `DocNum`,
    `ApprovalApproverID`,
    `ApprovalID`,
    `CreatedDate`,
    `decision`,
    `DocEntry`,
    `void`
  )
VALUES
  (10, 1, 3, '2025-10-22 17:27:38', 1, 13, 1);

# ------------------------------------------------------------
# DATA DUMP FOR TABLE: audit_log
# ------------------------------------------------------------

INSERT INTO
  `audit_log` (
    `id`,
    `table_name`,
    `record_id`,
    `action_type`,
    `old_data`,
    `new_data`,
    `user_name`,
    `created_at`
  )
VALUES
  (
    1,
    'approvals_decisions',
    '24',
    'UPDATE',
    '{\"DocNum\":24,\"ApprovalApproverID\":1,\"ApprovalID\":2,\"CreatedDate\":\"2025-10-13T09:53:42.000Z\",\"decision\":0,\"DocEntry\":17,\"void\":1}',
    '{\"DocNum\":24,\"ApprovalApproverID\":1,\"ApprovalID\":2,\"CreatedDate\":\"2025-10-13T09:53:42.000Z\",\"decision\":1,\"DocEntry\":17,\"void\":1}',
    'system',
    '2025-10-13 23:04:20'
  );
INSERT INTO
  `audit_log` (
    `id`,
    `table_name`,
    `record_id`,
    `action_type`,
    `old_data`,
    `new_data`,
    `user_name`,
    `created_at`
  )
VALUES
  (
    2,
    'ousr',
    '17',
    'UPDATE',
    '{\"DocEntry\":17,\"email\":\"d@c.com\",\"FirstName\":\"Juan\",\"LastName\":\"Xebec\",\"MiddleName\":\"D\",\"pass\":\"test\",\"type\":3,\"user\":\"d\",\"void\":1}',
    '{\"DocEntry\":17,\"email\":\"d@c.com\",\"FirstName\":\"Juan\",\"LastName\":\"Xebec\",\"MiddleName\":\"D\",\"pass\":\"test\",\"type\":3,\"user\":\"d\",\"void\":1}',
    'system',
    '2025-10-13 23:04:21'
  );
INSERT INTO
  `audit_log` (
    `id`,
    `table_name`,
    `record_id`,
    `action_type`,
    `old_data`,
    `new_data`,
    `user_name`,
    `created_at`
  )
VALUES
  (
    3,
    'approvals_decisions',
    '24',
    'UPDATE',
    '{\"DocNum\":24,\"ApprovalApproverID\":1,\"ApprovalID\":2,\"CreatedDate\":\"2025-10-13T09:53:42.000Z\",\"decision\":0,\"DocEntry\":17,\"void\":1}',
    '{\"DocNum\":24,\"ApprovalApproverID\":1,\"ApprovalID\":2,\"CreatedDate\":\"2025-10-13T09:53:42.000Z\",\"decision\":1,\"DocEntry\":17,\"void\":1}',
    'system',
    '2025-10-13 23:43:28'
  );
INSERT INTO
  `audit_log` (
    `id`,
    `table_name`,
    `record_id`,
    `action_type`,
    `old_data`,
    `new_data`,
    `user_name`,
    `created_at`
  )
VALUES
  (
    4,
    'ousr',
    '17',
    'UPDATE',
    '{\"DocEntry\":17,\"email\":\"d@c.com\",\"FirstName\":\"Juan\",\"LastName\":\"Xebec\",\"MiddleName\":\"D\",\"pass\":\"test\",\"type\":3,\"user\":\"d\",\"void\":1}',
    '{\"DocEntry\":17,\"email\":\"d@c.com\",\"FirstName\":\"Juan\",\"LastName\":\"Xebec\",\"MiddleName\":\"D\",\"pass\":\"test\",\"type\":3,\"user\":\"d\",\"void\":1}',
    'system',
    '2025-10-13 23:43:28'
  );
INSERT INTO
  `audit_log` (
    `id`,
    `table_name`,
    `record_id`,
    `action_type`,
    `old_data`,
    `new_data`,
    `user_name`,
    `created_at`
  )
VALUES
  (
    5,
    'approvals_decisions',
    '24',
    'UPDATE',
    '{\"DocNum\":24,\"ApprovalApproverID\":1,\"ApprovalID\":2,\"CreatedDate\":\"2025-10-13T09:53:42.000Z\",\"decision\":0,\"DocEntry\":17,\"void\":1}',
    '{\"DocNum\":24,\"ApprovalApproverID\":1,\"ApprovalID\":2,\"CreatedDate\":\"2025-10-13T09:53:42.000Z\",\"decision\":1,\"DocEntry\":17,\"void\":1}',
    'system',
    '2025-10-13 23:45:16'
  );
INSERT INTO
  `audit_log` (
    `id`,
    `table_name`,
    `record_id`,
    `action_type`,
    `old_data`,
    `new_data`,
    `user_name`,
    `created_at`
  )
VALUES
  (
    6,
    'ousr',
    '17',
    'UPDATE',
    '{\"DocEntry\":17,\"email\":\"d@c.com\",\"FirstName\":\"Juan\",\"LastName\":\"Xebec\",\"MiddleName\":\"D\",\"pass\":\"test\",\"type\":3,\"user\":\"d\",\"void\":1}',
    '{\"DocEntry\":17,\"email\":\"d@c.com\",\"FirstName\":\"Juan\",\"LastName\":\"Xebec\",\"MiddleName\":\"D\",\"pass\":\"test\",\"type\":3,\"user\":\"d\",\"void\":1}',
    'system',
    '2025-10-13 23:45:16'
  );
INSERT INTO
  `audit_log` (
    `id`,
    `table_name`,
    `record_id`,
    `action_type`,
    `old_data`,
    `new_data`,
    `user_name`,
    `created_at`
  )
VALUES
  (
    7,
    'approvals_decisions',
    '24',
    'UPDATE',
    '{\"DocNum\":24,\"ApprovalApproverID\":1,\"ApprovalID\":2,\"CreatedDate\":\"2025-10-13T09:53:42.000Z\",\"decision\":0,\"DocEntry\":17,\"void\":1}',
    '{\"DocNum\":24,\"ApprovalApproverID\":1,\"ApprovalID\":2,\"CreatedDate\":\"2025-10-13T09:53:42.000Z\",\"decision\":1,\"DocEntry\":17,\"void\":1}',
    'system',
    '2025-10-13 23:55:53'
  );
INSERT INTO
  `audit_log` (
    `id`,
    `table_name`,
    `record_id`,
    `action_type`,
    `old_data`,
    `new_data`,
    `user_name`,
    `created_at`
  )
VALUES
  (
    8,
    'ousr',
    '17',
    'UPDATE',
    '{\"DocEntry\":17,\"email\":\"d@c.com\",\"FirstName\":\"Juan\",\"LastName\":\"Xebec\",\"MiddleName\":\"D\",\"pass\":\"test\",\"type\":3,\"user\":\"d\",\"void\":1}',
    '{\"DocEntry\":17,\"email\":\"d@c.com\",\"FirstName\":\"Juan\",\"LastName\":\"Xebec\",\"MiddleName\":\"D\",\"pass\":\"test\",\"type\":3,\"user\":\"d\",\"void\":1}',
    'system',
    '2025-10-13 23:55:53'
  );
INSERT INTO
  `audit_log` (
    `id`,
    `table_name`,
    `record_id`,
    `action_type`,
    `old_data`,
    `new_data`,
    `user_name`,
    `created_at`
  )
VALUES
  (
    9,
    'approvals_decisions',
    '24',
    'UPDATE',
    '{\"DocNum\":24,\"ApprovalApproverID\":1,\"ApprovalID\":2,\"CreatedDate\":\"2025-10-13T09:53:42.000Z\",\"decision\":0,\"DocEntry\":17,\"void\":1}',
    '{\"DocNum\":24,\"ApprovalApproverID\":1,\"ApprovalID\":2,\"CreatedDate\":\"2025-10-13T09:53:42.000Z\",\"decision\":1,\"DocEntry\":17,\"void\":1}',
    'system',
    '2025-10-13 23:57:06'
  );
INSERT INTO
  `audit_log` (
    `id`,
    `table_name`,
    `record_id`,
    `action_type`,
    `old_data`,
    `new_data`,
    `user_name`,
    `created_at`
  )
VALUES
  (
    10,
    'ousr',
    '17',
    'UPDATE',
    '{\"DocEntry\":17,\"email\":\"d@c.com\",\"FirstName\":\"Juan\",\"LastName\":\"Xebec\",\"MiddleName\":\"D\",\"pass\":\"test\",\"type\":3,\"user\":\"d\",\"void\":1}',
    '{\"DocEntry\":17,\"email\":\"d@c.com\",\"FirstName\":\"Juan\",\"LastName\":\"Xebec\",\"MiddleName\":\"D\",\"pass\":\"test\",\"type\":3,\"user\":\"d\",\"void\":1}',
    'system',
    '2025-10-13 23:57:06'
  );
INSERT INTO
  `audit_log` (
    `id`,
    `table_name`,
    `record_id`,
    `action_type`,
    `old_data`,
    `new_data`,
    `user_name`,
    `created_at`
  )
VALUES
  (
    11,
    'approvals_decisions',
    '24',
    'UPDATE',
    '{\"DocNum\":24,\"ApprovalApproverID\":1,\"ApprovalID\":2,\"CreatedDate\":\"2025-10-13T09:53:42.000Z\",\"decision\":0,\"DocEntry\":17,\"void\":1}',
    '{\"DocNum\":24,\"ApprovalApproverID\":1,\"ApprovalID\":2,\"CreatedDate\":\"2025-10-13T09:53:42.000Z\",\"decision\":1,\"DocEntry\":17,\"void\":1}',
    '1 - Juan, Dela Cruz',
    '2025-10-14 00:02:26'
  );
INSERT INTO
  `audit_log` (
    `id`,
    `table_name`,
    `record_id`,
    `action_type`,
    `old_data`,
    `new_data`,
    `user_name`,
    `created_at`
  )
VALUES
  (
    12,
    'ousr',
    '17',
    'UPDATE',
    '{\"DocEntry\":17,\"email\":\"d@c.com\",\"FirstName\":\"Juan\",\"LastName\":\"Xebec\",\"MiddleName\":\"D\",\"pass\":\"test\",\"type\":3,\"user\":\"d\",\"void\":1}',
    '{\"DocEntry\":17,\"email\":\"d@c.com\",\"FirstName\":\"Juan\",\"LastName\":\"Xebec\",\"MiddleName\":\"D\",\"pass\":\"test\",\"type\":3,\"user\":\"d\",\"void\":1}',
    '1 - Juan, Dela Cruz',
    '2025-10-14 00:02:26'
  );
INSERT INTO
  `audit_log` (
    `id`,
    `table_name`,
    `record_id`,
    `action_type`,
    `old_data`,
    `new_data`,
    `user_name`,
    `created_at`
  )
VALUES
  (
    13,
    'ousr',
    '20',
    'INSERT',
    NULL,
    '{\"DocEntry\":20,\"email\":\"md@g.com\",\"FirstName\":\"Luffy\",\"LastName\":\"Monkey\",\"MiddleName\":\"D\",\"pass\":\"123123\",\"type\":3,\"user\":\"md\",\"void\":0}',
    'system',
    '2025-10-14 11:41:17'
  );
INSERT INTO
  `audit_log` (
    `id`,
    `table_name`,
    `record_id`,
    `action_type`,
    `old_data`,
    `new_data`,
    `user_name`,
    `created_at`
  )
VALUES
  (
    14,
    'approvals_decisions',
    '25',
    'INSERT',
    NULL,
    NULL,
    '1 - Juan, Dela Cruz',
    '2025-10-14 11:41:17'
  );
INSERT INTO
  `audit_log` (
    `id`,
    `table_name`,
    `record_id`,
    `action_type`,
    `old_data`,
    `new_data`,
    `user_name`,
    `created_at`
  )
VALUES
  (
    15,
    'approvals_decisions',
    '27',
    'UPDATE',
    NULL,
    NULL,
    '1 - Juan, Dela Cruz',
    '2025-10-14 11:41:35'
  );
INSERT INTO
  `audit_log` (
    `id`,
    `table_name`,
    `record_id`,
    `action_type`,
    `old_data`,
    `new_data`,
    `user_name`,
    `created_at`
  )
VALUES
  (
    16,
    'ousr',
    '20',
    'UPDATE',
    '{\"DocEntry\":20,\"email\":\"md@g.com\",\"FirstName\":\"Luffy\",\"LastName\":\"Monkey\",\"MiddleName\":\"D\",\"pass\":\"123123\",\"type\":3,\"user\":\"md\",\"void\":0}',
    '{\"DocEntry\":20,\"email\":\"md@g.com\",\"FirstName\":\"Luffy\",\"LastName\":\"Monkey\",\"MiddleName\":\"D\",\"pass\":\"123123\",\"type\":3,\"user\":\"md\",\"void\":1}',
    '1 - Juan, Dela Cruz',
    '2025-10-14 11:41:35'
  );
INSERT INTO
  `audit_log` (
    `id`,
    `table_name`,
    `record_id`,
    `action_type`,
    `old_data`,
    `new_data`,
    `user_name`,
    `created_at`
  )
VALUES
  (
    17,
    'projects_data_a_header',
    '9',
    'INSERT',
    NULL,
    '{\"DocEntry\":9,\"CreatedBy\":20,\"ProjectID\":24,\"createdDate\":\"2025-10-14T05:59:31.000Z\",\"canceled\":1,\"void\":0}',
    '20 - Luffy, Monkey',
    '2025-10-14 13:59:31'
  );
INSERT INTO
  `audit_log` (
    `id`,
    `table_name`,
    `record_id`,
    `action_type`,
    `old_data`,
    `new_data`,
    `user_name`,
    `created_at`
  )
VALUES
  (
    18,
    'projects_data_b_lines',
    '42',
    'INSERT',
    NULL,
    NULL,
    '20 - Luffy, Monkey',
    '2025-10-14 13:59:31'
  );
INSERT INTO
  `audit_log` (
    `id`,
    `table_name`,
    `record_id`,
    `action_type`,
    `old_data`,
    `new_data`,
    `user_name`,
    `created_at`
  )
VALUES
  (
    19,
    'projects_data_b_lines',
    '43',
    'INSERT',
    NULL,
    NULL,
    '20 - Luffy, Monkey',
    '2025-10-14 13:59:31'
  );
INSERT INTO
  `audit_log` (
    `id`,
    `table_name`,
    `record_id`,
    `action_type`,
    `old_data`,
    `new_data`,
    `user_name`,
    `created_at`
  )
VALUES
  (
    20,
    'projects_data_b_lines',
    '44',
    'INSERT',
    NULL,
    NULL,
    '20 - Luffy, Monkey',
    '2025-10-14 13:59:31'
  );
INSERT INTO
  `audit_log` (
    `id`,
    `table_name`,
    `record_id`,
    `action_type`,
    `old_data`,
    `new_data`,
    `user_name`,
    `created_at`
  )
VALUES
  (
    21,
    'projects_data_b_lines',
    '45',
    'INSERT',
    NULL,
    NULL,
    '20 - Luffy, Monkey',
    '2025-10-14 13:59:31'
  );
INSERT INTO
  `audit_log` (
    `id`,
    `table_name`,
    `record_id`,
    `action_type`,
    `old_data`,
    `new_data`,
    `user_name`,
    `created_at`
  )
VALUES
  (
    22,
    'projects_data_b_lines',
    '46',
    'INSERT',
    NULL,
    NULL,
    '20 - Luffy, Monkey',
    '2025-10-14 13:59:31'
  );
INSERT INTO
  `audit_log` (
    `id`,
    `table_name`,
    `record_id`,
    `action_type`,
    `old_data`,
    `new_data`,
    `user_name`,
    `created_at`
  )
VALUES
  (
    23,
    'projects_data_b_lines',
    '47',
    'INSERT',
    NULL,
    NULL,
    '20 - Luffy, Monkey',
    '2025-10-14 13:59:31'
  );
INSERT INTO
  `audit_log` (
    `id`,
    `table_name`,
    `record_id`,
    `action_type`,
    `old_data`,
    `new_data`,
    `user_name`,
    `created_at`
  )
VALUES
  (
    24,
    'projects_data_b_lines',
    '48',
    'INSERT',
    NULL,
    NULL,
    '20 - Luffy, Monkey',
    '2025-10-14 13:59:31'
  );
INSERT INTO
  `audit_log` (
    `id`,
    `table_name`,
    `record_id`,
    `action_type`,
    `old_data`,
    `new_data`,
    `user_name`,
    `created_at`
  )
VALUES
  (
    25,
    'projects_data_b_lines',
    '49',
    'INSERT',
    NULL,
    NULL,
    '20 - Luffy, Monkey',
    '2025-10-14 13:59:31'
  );
INSERT INTO
  `audit_log` (
    `id`,
    `table_name`,
    `record_id`,
    `action_type`,
    `old_data`,
    `new_data`,
    `user_name`,
    `created_at`
  )
VALUES
  (
    26,
    'projects_data_b_lines',
    '50',
    'INSERT',
    NULL,
    NULL,
    '20 - Luffy, Monkey',
    '2025-10-14 13:59:32'
  );
INSERT INTO
  `audit_log` (
    `id`,
    `table_name`,
    `record_id`,
    `action_type`,
    `old_data`,
    `new_data`,
    `user_name`,
    `created_at`
  )
VALUES
  (
    27,
    'projects_data_b_lines',
    '51',
    'INSERT',
    NULL,
    NULL,
    '20 - Luffy, Monkey',
    '2025-10-14 13:59:32'
  );
INSERT INTO
  `audit_log` (
    `id`,
    `table_name`,
    `record_id`,
    `action_type`,
    `old_data`,
    `new_data`,
    `user_name`,
    `created_at`
  )
VALUES
  (
    28,
    'projects_data_b_lines',
    '52',
    'INSERT',
    NULL,
    NULL,
    '20 - Luffy, Monkey',
    '2025-10-14 13:59:32'
  );
INSERT INTO
  `audit_log` (
    `id`,
    `table_name`,
    `record_id`,
    `action_type`,
    `old_data`,
    `new_data`,
    `user_name`,
    `created_at`
  )
VALUES
  (
    29,
    'projects_data_b_lines',
    '53',
    'INSERT',
    NULL,
    NULL,
    '20 - Luffy, Monkey',
    '2025-10-14 13:59:32'
  );
INSERT INTO
  `audit_log` (
    `id`,
    `table_name`,
    `record_id`,
    `action_type`,
    `old_data`,
    `new_data`,
    `user_name`,
    `created_at`
  )
VALUES
  (
    30,
    'projects_data_c_table',
    '43',
    'INSERT',
    NULL,
    NULL,
    '20 - Luffy, Monkey',
    '2025-10-14 13:59:32'
  );
INSERT INTO
  `audit_log` (
    `id`,
    `table_name`,
    `record_id`,
    `action_type`,
    `old_data`,
    `new_data`,
    `user_name`,
    `created_at`
  )
VALUES
  (
    31,
    'projects_data_c_table',
    '44',
    'INSERT',
    NULL,
    NULL,
    '20 - Luffy, Monkey',
    '2025-10-14 13:59:32'
  );
INSERT INTO
  `audit_log` (
    `id`,
    `table_name`,
    `record_id`,
    `action_type`,
    `old_data`,
    `new_data`,
    `user_name`,
    `created_at`
  )
VALUES
  (
    32,
    'projects_data_c_table',
    '45',
    'INSERT',
    NULL,
    NULL,
    '20 - Luffy, Monkey',
    '2025-10-14 13:59:32'
  );
INSERT INTO
  `audit_log` (
    `id`,
    `table_name`,
    `record_id`,
    `action_type`,
    `old_data`,
    `new_data`,
    `user_name`,
    `created_at`
  )
VALUES
  (
    33,
    'projects_data_c_table',
    '46',
    'INSERT',
    NULL,
    NULL,
    '20 - Luffy, Monkey',
    '2025-10-14 13:59:32'
  );
INSERT INTO
  `audit_log` (
    `id`,
    `table_name`,
    `record_id`,
    `action_type`,
    `old_data`,
    `new_data`,
    `user_name`,
    `created_at`
  )
VALUES
  (
    34,
    'projects_data_c_table',
    '47',
    'INSERT',
    NULL,
    NULL,
    '20 - Luffy, Monkey',
    '2025-10-14 13:59:32'
  );
INSERT INTO
  `audit_log` (
    `id`,
    `table_name`,
    `record_id`,
    `action_type`,
    `old_data`,
    `new_data`,
    `user_name`,
    `created_at`
  )
VALUES
  (
    35,
    'projects_data_c_table',
    '48',
    'INSERT',
    NULL,
    NULL,
    '20 - Luffy, Monkey',
    '2025-10-14 13:59:32'
  );
INSERT INTO
  `audit_log` (
    `id`,
    `table_name`,
    `record_id`,
    `action_type`,
    `old_data`,
    `new_data`,
    `user_name`,
    `created_at`
  )
VALUES
  (
    36,
    'projects_data_c_table',
    '49',
    'INSERT',
    NULL,
    NULL,
    '20 - Luffy, Monkey',
    '2025-10-14 13:59:33'
  );
INSERT INTO
  `audit_log` (
    `id`,
    `table_name`,
    `record_id`,
    `action_type`,
    `old_data`,
    `new_data`,
    `user_name`,
    `created_at`
  )
VALUES
  (
    37,
    'projects_data_c_table',
    '50',
    'INSERT',
    NULL,
    NULL,
    '20 - Luffy, Monkey',
    '2025-10-14 13:59:33'
  );
INSERT INTO
  `audit_log` (
    `id`,
    `table_name`,
    `record_id`,
    `action_type`,
    `old_data`,
    `new_data`,
    `user_name`,
    `created_at`
  )
VALUES
  (
    38,
    'projects_data_c_table',
    '51',
    'INSERT',
    NULL,
    NULL,
    '20 - Luffy, Monkey',
    '2025-10-14 13:59:33'
  );
INSERT INTO
  `audit_log` (
    `id`,
    `table_name`,
    `record_id`,
    `action_type`,
    `old_data`,
    `new_data`,
    `user_name`,
    `created_at`
  )
VALUES
  (
    39,
    'approvals_decisions',
    '28',
    'INSERT',
    NULL,
    NULL,
    '20 - Luffy, Monkey',
    '2025-10-14 13:59:33'
  );
INSERT INTO
  `audit_log` (
    `id`,
    `table_name`,
    `record_id`,
    `action_type`,
    `old_data`,
    `new_data`,
    `user_name`,
    `created_at`
  )
VALUES
  (
    40,
    'approvals_decisions',
    '31',
    'INSERT',
    NULL,
    NULL,
    '20 - Luffy, Monkey',
    '2025-10-14 13:59:33'
  );
INSERT INTO
  `audit_log` (
    `id`,
    `table_name`,
    `record_id`,
    `action_type`,
    `old_data`,
    `new_data`,
    `user_name`,
    `created_at`
  )
VALUES
  (
    41,
    'approvals',
    '4',
    'UPDATE',
    '{\"DocEntry\":4,\"createdBy\":1,\"createdDate\":\"2025-07-13T08:38:25.000Z\",\"description\":\"GI approval\",\"project_id\":24,\"Title\":\"GI approval\",\"type\":2,\"unique_project_if_void1\":null,\"void\":1}',
    '{\"DocEntry\":4,\"createdBy\":1,\"createdDate\":\"2025-07-13T08:38:25.000Z\",\"description\":\"GI approval\",\"project_id\":24,\"Title\":\"GI approval\",\"type\":2,\"unique_project_if_void1\":null,\"void\":0}',
    '1 - Juan, Dela Cruz',
    '2025-10-14 14:13:13'
  );
INSERT INTO
  `audit_log` (
    `id`,
    `table_name`,
    `record_id`,
    `action_type`,
    `old_data`,
    `new_data`,
    `user_name`,
    `created_at`
  )
VALUES
  (
    42,
    'approvals',
    '4',
    'UPDATE',
    '{\"DocEntry\":4,\"createdBy\":1,\"createdDate\":\"2025-07-13T08:38:25.000Z\",\"description\":\"GI approval\",\"project_id\":24,\"Title\":\"GI approval\",\"type\":2,\"unique_project_if_void1\":null,\"void\":0}',
    '{\"DocEntry\":4,\"createdBy\":1,\"createdDate\":\"2025-07-13T08:38:25.000Z\",\"description\":\"GI approval\",\"project_id\":24,\"Title\":\"GI approval\",\"type\":2,\"unique_project_if_void1\":null,\"void\":0}',
    '1 - Juan, Dela Cruz',
    '2025-10-14 14:13:14'
  );
INSERT INTO
  `audit_log` (
    `id`,
    `table_name`,
    `record_id`,
    `action_type`,
    `old_data`,
    `new_data`,
    `user_name`,
    `created_at`
  )
VALUES
  (
    43,
    'projects',
    '28',
    'UPDATE',
    '{\"DocEntry\":28,\"AddedBy\":1,\"createdDate\":\"2025-07-24T16:03:23.000Z\",\"Disc\":\"asd\",\"Title\":\"Form1\",\"void\":1}',
    '{\"DocEntry\":28,\"AddedBy\":1,\"createdDate\":\"2025-07-24T16:03:23.000Z\",\"Disc\":\"asd\",\"Title\":\"Form1\",\"void\":0}',
    'system',
    '2025-10-14 14:13:37'
  );
INSERT INTO
  `audit_log` (
    `id`,
    `table_name`,
    `record_id`,
    `action_type`,
    `old_data`,
    `new_data`,
    `user_name`,
    `created_at`
  )
VALUES
  (
    44,
    'projects',
    '29',
    'UPDATE',
    '{\"DocEntry\":29,\"AddedBy\":1,\"createdDate\":\"2025-08-18T11:56:48.000Z\",\"Disc\":\"tesx\",\"Title\":\"testx\",\"void\":0}',
    '{\"DocEntry\":29,\"AddedBy\":1,\"createdDate\":\"2025-08-18T11:56:48.000Z\",\"Disc\":\"tesx\",\"Title\":\"testx\",\"void\":1}',
    'system',
    '2025-10-14 14:13:41'
  );
INSERT INTO
  `audit_log` (
    `id`,
    `table_name`,
    `record_id`,
    `action_type`,
    `old_data`,
    `new_data`,
    `user_name`,
    `created_at`
  )
VALUES
  (
    45,
    'approvals',
    '16',
    'INSERT',
    NULL,
    '{\"DocEntry\":16,\"createdBy\":1,\"createdDate\":\"2025-10-14T06:22:49.000Z\",\"description\":\"General Intake \",\"project_id\":24,\"Title\":\"GI\",\"type\":2,\"unique_project_if_void1\":null,\"void\":0}',
    'system',
    '2025-10-14 14:22:49'
  );
INSERT INTO
  `audit_log` (
    `id`,
    `table_name`,
    `record_id`,
    `action_type`,
    `old_data`,
    `new_data`,
    `user_name`,
    `created_at`
  )
VALUES
  (
    46,
    'approvals_approvers',
    '16',
    'INSERT',
    NULL,
    '{\"DocNum\":16,\"DocEntry\":16,\"uID\":1,\"createdDate\":\"2025-10-14T06:22:49.000Z\",\"void\":1}',
    'system',
    '2025-10-14 14:22:49'
  );
INSERT INTO
  `audit_log` (
    `id`,
    `table_name`,
    `record_id`,
    `action_type`,
    `old_data`,
    `new_data`,
    `user_name`,
    `created_at`
  )
VALUES
  (
    47,
    'approvals',
    '16',
    'UPDATE',
    '{\"DocEntry\":16,\"createdBy\":1,\"createdDate\":\"2025-10-14T06:22:49.000Z\",\"description\":\"General Intake \",\"project_id\":24,\"Title\":\"GI\",\"type\":2,\"unique_project_if_void1\":null,\"void\":0}',
    '{\"DocEntry\":16,\"createdBy\":1,\"createdDate\":\"2025-10-14T06:22:49.000Z\",\"description\":\"General Intake \",\"project_id\":24,\"Title\":\"GI\",\"type\":2,\"unique_project_if_void1\":null,\"void\":1}',
    '1 - Juan, Dela Cruz',
    '2025-10-14 14:22:57'
  );
INSERT INTO
  `audit_log` (
    `id`,
    `table_name`,
    `record_id`,
    `action_type`,
    `old_data`,
    `new_data`,
    `user_name`,
    `created_at`
  )
VALUES
  (
    48,
    'projects_data_a_header',
    '10',
    'INSERT',
    NULL,
    '{\"DocEntry\":10,\"CreatedBy\":20,\"ProjectID\":24,\"createdDate\":\"2025-10-14T06:24:19.000Z\",\"canceled\":1,\"void\":0}',
    '20 - Luffy, Monkey',
    '2025-10-14 14:24:19'
  );
INSERT INTO
  `audit_log` (
    `id`,
    `table_name`,
    `record_id`,
    `action_type`,
    `old_data`,
    `new_data`,
    `user_name`,
    `created_at`
  )
VALUES
  (
    49,
    'projects_data_b_lines',
    '54',
    'INSERT',
    NULL,
    NULL,
    '20 - Luffy, Monkey',
    '2025-10-14 14:24:19'
  );
INSERT INTO
  `audit_log` (
    `id`,
    `table_name`,
    `record_id`,
    `action_type`,
    `old_data`,
    `new_data`,
    `user_name`,
    `created_at`
  )
VALUES
  (
    50,
    'projects_data_b_lines',
    '55',
    'INSERT',
    NULL,
    NULL,
    '20 - Luffy, Monkey',
    '2025-10-14 14:24:19'
  );
INSERT INTO
  `audit_log` (
    `id`,
    `table_name`,
    `record_id`,
    `action_type`,
    `old_data`,
    `new_data`,
    `user_name`,
    `created_at`
  )
VALUES
  (
    51,
    'projects_data_b_lines',
    '56',
    'INSERT',
    NULL,
    NULL,
    '20 - Luffy, Monkey',
    '2025-10-14 14:24:20'
  );
INSERT INTO
  `audit_log` (
    `id`,
    `table_name`,
    `record_id`,
    `action_type`,
    `old_data`,
    `new_data`,
    `user_name`,
    `created_at`
  )
VALUES
  (
    52,
    'projects_data_b_lines',
    '57',
    'INSERT',
    NULL,
    NULL,
    '20 - Luffy, Monkey',
    '2025-10-14 14:24:20'
  );
INSERT INTO
  `audit_log` (
    `id`,
    `table_name`,
    `record_id`,
    `action_type`,
    `old_data`,
    `new_data`,
    `user_name`,
    `created_at`
  )
VALUES
  (
    53,
    'projects_data_b_lines',
    '58',
    'INSERT',
    NULL,
    NULL,
    '20 - Luffy, Monkey',
    '2025-10-14 14:24:20'
  );
INSERT INTO
  `audit_log` (
    `id`,
    `table_name`,
    `record_id`,
    `action_type`,
    `old_data`,
    `new_data`,
    `user_name`,
    `created_at`
  )
VALUES
  (
    54,
    'projects_data_b_lines',
    '59',
    'INSERT',
    NULL,
    NULL,
    '20 - Luffy, Monkey',
    '2025-10-14 14:24:20'
  );
INSERT INTO
  `audit_log` (
    `id`,
    `table_name`,
    `record_id`,
    `action_type`,
    `old_data`,
    `new_data`,
    `user_name`,
    `created_at`
  )
VALUES
  (
    55,
    'projects_data_b_lines',
    '60',
    'INSERT',
    NULL,
    NULL,
    '20 - Luffy, Monkey',
    '2025-10-14 14:24:20'
  );
INSERT INTO
  `audit_log` (
    `id`,
    `table_name`,
    `record_id`,
    `action_type`,
    `old_data`,
    `new_data`,
    `user_name`,
    `created_at`
  )
VALUES
  (
    56,
    'projects_data_b_lines',
    '61',
    'INSERT',
    NULL,
    NULL,
    '20 - Luffy, Monkey',
    '2025-10-14 14:24:21'
  );
INSERT INTO
  `audit_log` (
    `id`,
    `table_name`,
    `record_id`,
    `action_type`,
    `old_data`,
    `new_data`,
    `user_name`,
    `created_at`
  )
VALUES
  (
    57,
    'projects_data_b_lines',
    '62',
    'INSERT',
    NULL,
    NULL,
    '20 - Luffy, Monkey',
    '2025-10-14 14:24:21'
  );
INSERT INTO
  `audit_log` (
    `id`,
    `table_name`,
    `record_id`,
    `action_type`,
    `old_data`,
    `new_data`,
    `user_name`,
    `created_at`
  )
VALUES
  (
    58,
    'projects_data_b_lines',
    '63',
    'INSERT',
    NULL,
    NULL,
    '20 - Luffy, Monkey',
    '2025-10-14 14:24:21'
  );
INSERT INTO
  `audit_log` (
    `id`,
    `table_name`,
    `record_id`,
    `action_type`,
    `old_data`,
    `new_data`,
    `user_name`,
    `created_at`
  )
VALUES
  (
    59,
    'projects_data_b_lines',
    '64',
    'INSERT',
    NULL,
    NULL,
    '20 - Luffy, Monkey',
    '2025-10-14 14:24:21'
  );
INSERT INTO
  `audit_log` (
    `id`,
    `table_name`,
    `record_id`,
    `action_type`,
    `old_data`,
    `new_data`,
    `user_name`,
    `created_at`
  )
VALUES
  (
    60,
    'projects_data_b_lines',
    '65',
    'INSERT',
    NULL,
    NULL,
    '20 - Luffy, Monkey',
    '2025-10-14 14:24:21'
  );
INSERT INTO
  `audit_log` (
    `id`,
    `table_name`,
    `record_id`,
    `action_type`,
    `old_data`,
    `new_data`,
    `user_name`,
    `created_at`
  )
VALUES
  (
    61,
    'projects_data_c_table',
    '52',
    'INSERT',
    NULL,
    NULL,
    '20 - Luffy, Monkey',
    '2025-10-14 14:24:22'
  );
INSERT INTO
  `audit_log` (
    `id`,
    `table_name`,
    `record_id`,
    `action_type`,
    `old_data`,
    `new_data`,
    `user_name`,
    `created_at`
  )
VALUES
  (
    62,
    'projects_data_c_table',
    '53',
    'INSERT',
    NULL,
    '{\"DocNum\":43,\"DocEntry\":53,\"Requirements_id\":6,\"Requirements_value\":\"l\",\"LineID\":1,\"void\":1}',
    '20 - Luffy, Monkey',
    '2025-10-14 14:24:22'
  );
INSERT INTO
  `audit_log` (
    `id`,
    `table_name`,
    `record_id`,
    `action_type`,
    `old_data`,
    `new_data`,
    `user_name`,
    `created_at`
  )
VALUES
  (
    63,
    'projects_data_c_table',
    '54',
    'INSERT',
    NULL,
    NULL,
    '20 - Luffy, Monkey',
    '2025-10-14 14:24:22'
  );
INSERT INTO
  `audit_log` (
    `id`,
    `table_name`,
    `record_id`,
    `action_type`,
    `old_data`,
    `new_data`,
    `user_name`,
    `created_at`
  )
VALUES
  (
    64,
    'projects_data_c_table',
    '55',
    'INSERT',
    NULL,
    NULL,
    '20 - Luffy, Monkey',
    '2025-10-14 14:24:23'
  );
INSERT INTO
  `audit_log` (
    `id`,
    `table_name`,
    `record_id`,
    `action_type`,
    `old_data`,
    `new_data`,
    `user_name`,
    `created_at`
  )
VALUES
  (
    65,
    'projects_data_c_table',
    '56',
    'INSERT',
    NULL,
    NULL,
    '20 - Luffy, Monkey',
    '2025-10-14 14:24:23'
  );
INSERT INTO
  `audit_log` (
    `id`,
    `table_name`,
    `record_id`,
    `action_type`,
    `old_data`,
    `new_data`,
    `user_name`,
    `created_at`
  )
VALUES
  (
    66,
    'projects_data_c_table',
    '57',
    'INSERT',
    NULL,
    NULL,
    '20 - Luffy, Monkey',
    '2025-10-14 14:24:23'
  );
INSERT INTO
  `audit_log` (
    `id`,
    `table_name`,
    `record_id`,
    `action_type`,
    `old_data`,
    `new_data`,
    `user_name`,
    `created_at`
  )
VALUES
  (
    67,
    'projects_data_c_table',
    '58',
    'INSERT',
    NULL,
    NULL,
    '20 - Luffy, Monkey',
    '2025-10-14 14:24:23'
  );
INSERT INTO
  `audit_log` (
    `id`,
    `table_name`,
    `record_id`,
    `action_type`,
    `old_data`,
    `new_data`,
    `user_name`,
    `created_at`
  )
VALUES
  (
    68,
    'projects_data_c_table',
    '59',
    'INSERT',
    NULL,
    NULL,
    '20 - Luffy, Monkey',
    '2025-10-14 14:24:23'
  );
INSERT INTO
  `audit_log` (
    `id`,
    `table_name`,
    `record_id`,
    `action_type`,
    `old_data`,
    `new_data`,
    `user_name`,
    `created_at`
  )
VALUES
  (
    69,
    'projects_data_c_table',
    '60',
    'INSERT',
    NULL,
    NULL,
    '20 - Luffy, Monkey',
    '2025-10-14 14:24:24'
  );
INSERT INTO
  `audit_log` (
    `id`,
    `table_name`,
    `record_id`,
    `action_type`,
    `old_data`,
    `new_data`,
    `user_name`,
    `created_at`
  )
VALUES
  (
    70,
    'approvals_decisions',
    '34',
    'INSERT',
    NULL,
    NULL,
    '20 - Luffy, Monkey',
    '2025-10-14 14:24:24'
  );
INSERT INTO
  `audit_log` (
    `id`,
    `table_name`,
    `record_id`,
    `action_type`,
    `old_data`,
    `new_data`,
    `user_name`,
    `created_at`
  )
VALUES
  (
    71,
    'approvals_decisions',
    '35',
    'INSERT',
    NULL,
    NULL,
    '20 - Luffy, Monkey',
    '2025-10-14 14:24:24'
  );
INSERT INTO
  `audit_log` (
    `id`,
    `table_name`,
    `record_id`,
    `action_type`,
    `old_data`,
    `new_data`,
    `user_name`,
    `created_at`
  )
VALUES
  (
    72,
    'approvals_decisions',
    '34',
    'UPDATE',
    NULL,
    NULL,
    '1 - Juan, Dela Cruz',
    '2025-10-14 14:28:13'
  );
INSERT INTO
  `audit_log` (
    `id`,
    `table_name`,
    `record_id`,
    `action_type`,
    `old_data`,
    `new_data`,
    `user_name`,
    `created_at`
  )
VALUES
  (
    73,
    'approvals_decisions',
    '35',
    'UPDATE',
    NULL,
    NULL,
    '1 - Juan, Dela Cruz',
    '2025-10-14 14:28:15'
  );
INSERT INTO
  `audit_log` (
    `id`,
    `table_name`,
    `record_id`,
    `action_type`,
    `old_data`,
    `new_data`,
    `user_name`,
    `created_at`
  )
VALUES
  (
    74,
    'projects',
    '24',
    'UPDATE',
    '{\"DocEntry\":24,\"AddedBy\":1,\"createdDate\":\"2025-07-10T14:58:13.000Z\",\"Disc\":\" \",\"Title\":\" General Intake Sheet\",\"void\":1}',
    '{\"DocEntry\":24,\"AddedBy\":1,\"createdDate\":\"2025-07-10T14:58:13.000Z\",\"Disc\":\" \",\"Title\":\" General Intake Sheet\",\"void\":0}',
    'system',
    '2025-10-14 15:07:54'
  );
INSERT INTO
  `audit_log` (
    `id`,
    `table_name`,
    `record_id`,
    `action_type`,
    `old_data`,
    `new_data`,
    `user_name`,
    `created_at`
  )
VALUES
  (
    75,
    'projects',
    '24',
    'UPDATE',
    '{\"DocEntry\":24,\"AddedBy\":1,\"createdDate\":\"2025-07-10T14:58:13.000Z\",\"Disc\":\" \",\"Title\":\" General Intake Sheet\",\"void\":0}',
    '{\"DocEntry\":24,\"AddedBy\":1,\"createdDate\":\"2025-07-10T14:58:13.000Z\",\"Disc\":\" \",\"Title\":\" General Intake Sheet\",\"void\":1}',
    'system',
    '2025-10-14 15:08:01'
  );
INSERT INTO
  `audit_log` (
    `id`,
    `table_name`,
    `record_id`,
    `action_type`,
    `old_data`,
    `new_data`,
    `user_name`,
    `created_at`
  )
VALUES
  (
    76,
    'approvals',
    '1',
    'INSERT',
    NULL,
    '{\"DocEntry\":1,\"createdBy\":1,\"createdDate\":\"2025-10-14T13:00:13.000Z\",\"description\":\"to capture personal details, background, and the type of assistance requested, serving as the first step in processing and evaluating client needs for\",\"project_id\":24,\"Title\":\"General Intake\",\"type\":1,\"unique_project_if_void1\":null,\"void\":0}',
    'system',
    '2025-10-14 21:00:13'
  );
INSERT INTO
  `audit_log` (
    `id`,
    `table_name`,
    `record_id`,
    `action_type`,
    `old_data`,
    `new_data`,
    `user_name`,
    `created_at`
  )
VALUES
  (
    77,
    'approvals_approvers',
    '1',
    'INSERT',
    NULL,
    '{\"DocNum\":1,\"DocEntry\":1,\"uID\":1,\"createdDate\":\"2025-10-14T13:00:13.000Z\",\"void\":1}',
    'system',
    '2025-10-14 21:00:13'
  );
INSERT INTO
  `audit_log` (
    `id`,
    `table_name`,
    `record_id`,
    `action_type`,
    `old_data`,
    `new_data`,
    `user_name`,
    `created_at`
  )
VALUES
  (
    78,
    'approvals',
    '1',
    'UPDATE',
    '{\"DocEntry\":1,\"createdBy\":1,\"createdDate\":\"2025-10-14T13:00:13.000Z\",\"description\":\"to capture personal details, background, and the type of assistance requested, serving as the first step in processing and evaluating client needs for\",\"project_id\":24,\"Title\":\"General Intake\",\"type\":1,\"unique_project_if_void1\":null,\"void\":0}',
    '{\"DocEntry\":1,\"createdBy\":1,\"createdDate\":\"2025-10-14T13:00:13.000Z\",\"description\":\"to capture personal details, background, and the type of assistance requested, serving as the first step in processing and evaluating client needs for\",\"project_id\":24,\"Title\":\"General Intake\",\"type\":1,\"unique_project_if_void1\":null,\"void\":1}',
    '1 - Juan, Dela Cruz',
    '2025-10-14 21:00:18'
  );
INSERT INTO
  `audit_log` (
    `id`,
    `table_name`,
    `record_id`,
    `action_type`,
    `old_data`,
    `new_data`,
    `user_name`,
    `created_at`
  )
VALUES
  (
    79,
    'ousr',
    '21',
    'INSERT',
    NULL,
    '{\"DocEntry\":21,\"email\":\"z@g.com\",\"FirstName\":\"Zoro\",\"LastName\":\"Marimo\",\"MiddleName\":\"D\",\"pass\":\"123123\",\"type\":3,\"user\":\"a\",\"void\":0}',
    'system',
    '2025-10-14 21:01:03'
  );
INSERT INTO
  `audit_log` (
    `id`,
    `table_name`,
    `record_id`,
    `action_type`,
    `old_data`,
    `new_data`,
    `user_name`,
    `created_at`
  )
VALUES
  (
    80,
    'approvals_decisions',
    '0',
    'INSERT',
    NULL,
    '{\"params\":[21,1]}',
    '1 - Juan, Dela Cruz',
    '2025-10-14 21:01:03'
  );
INSERT INTO
  `audit_log` (
    `id`,
    `table_name`,
    `record_id`,
    `action_type`,
    `old_data`,
    `new_data`,
    `user_name`,
    `created_at`
  )
VALUES
  (
    81,
    'approvals',
    '2',
    'INSERT',
    NULL,
    '{\"DocEntry\":2,\"createdBy\":0,\"createdDate\":\"2025-10-14T13:06:53.000Z\",\"description\":\"collects essential information such as name, contact details, and user credentials. This form ensures proper user identification, access control, and \",\"project_id\":1,\"Title\":\"User Registration\",\"type\":1,\"unique_project_if_void1\":null,\"void\":0}',
    'system',
    '2025-10-14 21:06:53'
  );
INSERT INTO
  `audit_log` (
    `id`,
    `table_name`,
    `record_id`,
    `action_type`,
    `old_data`,
    `new_data`,
    `user_name`,
    `created_at`
  )
VALUES
  (
    82,
    'approvals_approvers',
    '2',
    'INSERT',
    NULL,
    '{\"DocNum\":2,\"DocEntry\":2,\"uID\":1,\"createdDate\":\"2025-10-14T13:06:53.000Z\",\"void\":1}',
    'system',
    '2025-10-14 21:06:53'
  );
INSERT INTO
  `audit_log` (
    `id`,
    `table_name`,
    `record_id`,
    `action_type`,
    `old_data`,
    `new_data`,
    `user_name`,
    `created_at`
  )
VALUES
  (
    83,
    'approvals',
    '2',
    'UPDATE',
    '{\"DocEntry\":2,\"createdBy\":0,\"createdDate\":\"2025-10-14T13:06:53.000Z\",\"description\":\"collects essential information such as name, contact details, and user credentials. This form ensures proper user identification, access control, and \",\"project_id\":1,\"Title\":\"User Registration\",\"type\":1,\"unique_project_if_void1\":null,\"void\":0}',
    '{\"DocEntry\":2,\"createdBy\":0,\"createdDate\":\"2025-10-14T13:06:53.000Z\",\"description\":\"collects essential information such as name, contact details, and user credentials. This form ensures proper user identification, access control, and \",\"project_id\":1,\"Title\":\"User Registration\",\"type\":1,\"unique_project_if_void1\":null,\"void\":1}',
    '1 - Juan, Dela Cruz',
    '2025-10-14 21:06:58'
  );
INSERT INTO
  `audit_log` (
    `id`,
    `table_name`,
    `record_id`,
    `action_type`,
    `old_data`,
    `new_data`,
    `user_name`,
    `created_at`
  )
VALUES
  (
    84,
    'ousr',
    '22',
    'INSERT',
    NULL,
    '{\"DocEntry\":22,\"email\":\"s@g.com\",\"FirstName\":\"Sanji\",\"LastName\":\"Black Leg\",\"MiddleName\":\"D\",\"pass\":\"test\",\"type\":3,\"user\":\"A\",\"void\":0}',
    'system',
    '2025-10-14 21:09:00'
  );
INSERT INTO
  `audit_log` (
    `id`,
    `table_name`,
    `record_id`,
    `action_type`,
    `old_data`,
    `new_data`,
    `user_name`,
    `created_at`
  )
VALUES
  (
    85,
    'approvals_decisions',
    '1',
    'INSERT',
    NULL,
    NULL,
    '1 - Juan, Dela Cruz',
    '2025-10-14 21:09:00'
  );
INSERT INTO
  `audit_log` (
    `id`,
    `table_name`,
    `record_id`,
    `action_type`,
    `old_data`,
    `new_data`,
    `user_name`,
    `created_at`
  )
VALUES
  (
    86,
    'ousr',
    '24',
    'INSERT',
    NULL,
    '{\"DocEntry\":24,\"email\":\"r@g.com\",\"FirstName\":\"Robin\",\"LastName\":\"MsSunday\",\"MiddleName\":\"D\",\"pass\":\"test\",\"type\":3,\"user\":\"A\",\"void\":0}',
    'system',
    '2025-10-14 21:12:06'
  );
INSERT INTO
  `audit_log` (
    `id`,
    `table_name`,
    `record_id`,
    `action_type`,
    `old_data`,
    `new_data`,
    `user_name`,
    `created_at`
  )
VALUES
  (
    87,
    'approvals_decisions',
    '2',
    'INSERT',
    NULL,
    NULL,
    '22 - Sanji, Black Leg',
    '2025-10-14 21:12:06'
  );
INSERT INTO
  `audit_log` (
    `id`,
    `table_name`,
    `record_id`,
    `action_type`,
    `old_data`,
    `new_data`,
    `user_name`,
    `created_at`
  )
VALUES
  (
    88,
    'approvals_decisions',
    '2',
    'UPDATE',
    NULL,
    NULL,
    '1 - Sanji, Black Leg',
    '2025-10-14 21:13:30'
  );
INSERT INTO
  `audit_log` (
    `id`,
    `table_name`,
    `record_id`,
    `action_type`,
    `old_data`,
    `new_data`,
    `user_name`,
    `created_at`
  )
VALUES
  (
    89,
    'ousr',
    '24',
    'UPDATE',
    '{\"DocEntry\":24,\"email\":\"r@g.com\",\"FirstName\":\"Robin\",\"LastName\":\"MsSunday\",\"MiddleName\":\"D\",\"pass\":\"test\",\"type\":3,\"user\":\"A\",\"void\":0}',
    '{\"DocEntry\":24,\"email\":\"r@g.com\",\"FirstName\":\"Robin\",\"LastName\":\"MsSunday\",\"MiddleName\":\"D\",\"pass\":\"test\",\"type\":3,\"user\":\"A\",\"void\":1}',
    '1 - Sanji, Black Leg',
    '2025-10-14 21:13:30'
  );
INSERT INTO
  `audit_log` (
    `id`,
    `table_name`,
    `record_id`,
    `action_type`,
    `old_data`,
    `new_data`,
    `user_name`,
    `created_at`
  )
VALUES
  (
    90,
    'projects_data_a_header',
    '11',
    'INSERT',
    NULL,
    '{\"DocEntry\":11,\"CreatedBy\":1,\"ProjectID\":24,\"createdDate\":\"2025-10-14T13:24:44.000Z\",\"canceled\":1,\"void\":0}',
    '1 - Sanji, Black Leg',
    '2025-10-14 21:24:44'
  );
INSERT INTO
  `audit_log` (
    `id`,
    `table_name`,
    `record_id`,
    `action_type`,
    `old_data`,
    `new_data`,
    `user_name`,
    `created_at`
  )
VALUES
  (
    91,
    'projects_data_b_lines',
    '66',
    'INSERT',
    NULL,
    NULL,
    '1 - Sanji, Black Leg',
    '2025-10-14 21:24:45'
  );
INSERT INTO
  `audit_log` (
    `id`,
    `table_name`,
    `record_id`,
    `action_type`,
    `old_data`,
    `new_data`,
    `user_name`,
    `created_at`
  )
VALUES
  (
    92,
    'projects_data_b_lines',
    '67',
    'INSERT',
    NULL,
    NULL,
    '1 - Sanji, Black Leg',
    '2025-10-14 21:24:45'
  );
INSERT INTO
  `audit_log` (
    `id`,
    `table_name`,
    `record_id`,
    `action_type`,
    `old_data`,
    `new_data`,
    `user_name`,
    `created_at`
  )
VALUES
  (
    93,
    'projects_data_b_lines',
    '68',
    'INSERT',
    NULL,
    NULL,
    '1 - Sanji, Black Leg',
    '2025-10-14 21:24:46'
  );
INSERT INTO
  `audit_log` (
    `id`,
    `table_name`,
    `record_id`,
    `action_type`,
    `old_data`,
    `new_data`,
    `user_name`,
    `created_at`
  )
VALUES
  (
    94,
    'projects_data_b_lines',
    '69',
    'INSERT',
    NULL,
    NULL,
    '1 - Sanji, Black Leg',
    '2025-10-14 21:24:46'
  );
INSERT INTO
  `audit_log` (
    `id`,
    `table_name`,
    `record_id`,
    `action_type`,
    `old_data`,
    `new_data`,
    `user_name`,
    `created_at`
  )
VALUES
  (
    95,
    'projects_data_b_lines',
    '70',
    'INSERT',
    NULL,
    NULL,
    '1 - Sanji, Black Leg',
    '2025-10-14 21:24:46'
  );
INSERT INTO
  `audit_log` (
    `id`,
    `table_name`,
    `record_id`,
    `action_type`,
    `old_data`,
    `new_data`,
    `user_name`,
    `created_at`
  )
VALUES
  (
    96,
    'projects_data_b_lines',
    '71',
    'INSERT',
    NULL,
    NULL,
    '1 - Sanji, Black Leg',
    '2025-10-14 21:24:47'
  );
INSERT INTO
  `audit_log` (
    `id`,
    `table_name`,
    `record_id`,
    `action_type`,
    `old_data`,
    `new_data`,
    `user_name`,
    `created_at`
  )
VALUES
  (
    97,
    'projects_data_b_lines',
    '72',
    'INSERT',
    NULL,
    NULL,
    '1 - Sanji, Black Leg',
    '2025-10-14 21:24:47'
  );
INSERT INTO
  `audit_log` (
    `id`,
    `table_name`,
    `record_id`,
    `action_type`,
    `old_data`,
    `new_data`,
    `user_name`,
    `created_at`
  )
VALUES
  (
    98,
    'projects_data_b_lines',
    '73',
    'INSERT',
    NULL,
    NULL,
    '1 - Sanji, Black Leg',
    '2025-10-14 21:24:47'
  );
INSERT INTO
  `audit_log` (
    `id`,
    `table_name`,
    `record_id`,
    `action_type`,
    `old_data`,
    `new_data`,
    `user_name`,
    `created_at`
  )
VALUES
  (
    99,
    'projects_data_b_lines',
    '74',
    'INSERT',
    NULL,
    NULL,
    '1 - Sanji, Black Leg',
    '2025-10-14 21:24:48'
  );
INSERT INTO
  `audit_log` (
    `id`,
    `table_name`,
    `record_id`,
    `action_type`,
    `old_data`,
    `new_data`,
    `user_name`,
    `created_at`
  )
VALUES
  (
    100,
    'projects_data_b_lines',
    '75',
    'INSERT',
    NULL,
    NULL,
    '1 - Sanji, Black Leg',
    '2025-10-14 21:24:48'
  );
INSERT INTO
  `audit_log` (
    `id`,
    `table_name`,
    `record_id`,
    `action_type`,
    `old_data`,
    `new_data`,
    `user_name`,
    `created_at`
  )
VALUES
  (
    101,
    'projects_data_b_lines',
    '76',
    'INSERT',
    NULL,
    NULL,
    '1 - Sanji, Black Leg',
    '2025-10-14 21:24:48'
  );
INSERT INTO
  `audit_log` (
    `id`,
    `table_name`,
    `record_id`,
    `action_type`,
    `old_data`,
    `new_data`,
    `user_name`,
    `created_at`
  )
VALUES
  (
    102,
    'projects_data_b_lines',
    '77',
    'INSERT',
    NULL,
    NULL,
    '1 - Sanji, Black Leg',
    '2025-10-14 21:24:49'
  );
INSERT INTO
  `audit_log` (
    `id`,
    `table_name`,
    `record_id`,
    `action_type`,
    `old_data`,
    `new_data`,
    `user_name`,
    `created_at`
  )
VALUES
  (
    103,
    'projects_data_c_table',
    '61',
    'INSERT',
    NULL,
    NULL,
    '1 - Sanji, Black Leg',
    '2025-10-14 21:24:49'
  );
INSERT INTO
  `audit_log` (
    `id`,
    `table_name`,
    `record_id`,
    `action_type`,
    `old_data`,
    `new_data`,
    `user_name`,
    `created_at`
  )
VALUES
  (
    104,
    'projects_data_c_table',
    '62',
    'INSERT',
    NULL,
    NULL,
    '1 - Sanji, Black Leg',
    '2025-10-14 21:24:49'
  );
INSERT INTO
  `audit_log` (
    `id`,
    `table_name`,
    `record_id`,
    `action_type`,
    `old_data`,
    `new_data`,
    `user_name`,
    `created_at`
  )
VALUES
  (
    105,
    'projects_data_c_table',
    '63',
    'INSERT',
    NULL,
    NULL,
    '1 - Sanji, Black Leg',
    '2025-10-14 21:24:50'
  );
INSERT INTO
  `audit_log` (
    `id`,
    `table_name`,
    `record_id`,
    `action_type`,
    `old_data`,
    `new_data`,
    `user_name`,
    `created_at`
  )
VALUES
  (
    106,
    'projects_data_c_table',
    '64',
    'INSERT',
    NULL,
    NULL,
    '1 - Sanji, Black Leg',
    '2025-10-14 21:24:50'
  );
INSERT INTO
  `audit_log` (
    `id`,
    `table_name`,
    `record_id`,
    `action_type`,
    `old_data`,
    `new_data`,
    `user_name`,
    `created_at`
  )
VALUES
  (
    107,
    'projects_data_c_table',
    '65',
    'INSERT',
    NULL,
    '{\"DocNum\":52,\"DocEntry\":65,\"Requirements_id\":6,\"Requirements_value\":\"a\",\"LineID\":1,\"void\":1}',
    '1 - Sanji, Black Leg',
    '2025-10-14 21:24:50'
  );
INSERT INTO
  `audit_log` (
    `id`,
    `table_name`,
    `record_id`,
    `action_type`,
    `old_data`,
    `new_data`,
    `user_name`,
    `created_at`
  )
VALUES
  (
    108,
    'projects_data_c_table',
    '66',
    'INSERT',
    NULL,
    NULL,
    '1 - Sanji, Black Leg',
    '2025-10-14 21:24:50'
  );
INSERT INTO
  `audit_log` (
    `id`,
    `table_name`,
    `record_id`,
    `action_type`,
    `old_data`,
    `new_data`,
    `user_name`,
    `created_at`
  )
VALUES
  (
    109,
    'projects_data_c_table',
    '67',
    'INSERT',
    NULL,
    NULL,
    '1 - Sanji, Black Leg',
    '2025-10-14 21:24:51'
  );
INSERT INTO
  `audit_log` (
    `id`,
    `table_name`,
    `record_id`,
    `action_type`,
    `old_data`,
    `new_data`,
    `user_name`,
    `created_at`
  )
VALUES
  (
    110,
    'projects_data_c_table',
    '68',
    'INSERT',
    NULL,
    NULL,
    '1 - Sanji, Black Leg',
    '2025-10-14 21:24:51'
  );
INSERT INTO
  `audit_log` (
    `id`,
    `table_name`,
    `record_id`,
    `action_type`,
    `old_data`,
    `new_data`,
    `user_name`,
    `created_at`
  )
VALUES
  (
    111,
    'projects_data_c_table',
    '69',
    'INSERT',
    NULL,
    NULL,
    '1 - Sanji, Black Leg',
    '2025-10-14 21:24:51'
  );
INSERT INTO
  `audit_log` (
    `id`,
    `table_name`,
    `record_id`,
    `action_type`,
    `old_data`,
    `new_data`,
    `user_name`,
    `created_at`
  )
VALUES
  (
    112,
    'approvals_decisions',
    '3',
    'INSERT',
    NULL,
    NULL,
    '1 - Sanji, Black Leg',
    '2025-10-14 21:24:52'
  );
INSERT INTO
  `audit_log` (
    `id`,
    `table_name`,
    `record_id`,
    `action_type`,
    `old_data`,
    `new_data`,
    `user_name`,
    `created_at`
  )
VALUES
  (
    113,
    'approvals_decisions',
    '4',
    'INSERT',
    NULL,
    NULL,
    '1 - Sanji, Black Leg',
    '2025-10-14 21:24:52'
  );
INSERT INTO
  `audit_log` (
    `id`,
    `table_name`,
    `record_id`,
    `action_type`,
    `old_data`,
    `new_data`,
    `user_name`,
    `created_at`
  )
VALUES
  (
    114,
    'approvals_decisions',
    '3',
    'UPDATE',
    NULL,
    NULL,
    '1 - Sanji, Black Leg',
    '2025-10-14 21:28:34'
  );
INSERT INTO
  `audit_log` (
    `id`,
    `table_name`,
    `record_id`,
    `action_type`,
    `old_data`,
    `new_data`,
    `user_name`,
    `created_at`
  )
VALUES
  (
    115,
    'projects_data_a_header',
    '1',
    'INSERT',
    NULL,
    '{\"DocEntry\":1,\"CreatedBy\":1,\"ProjectID\":24,\"createdDate\":\"2025-10-14T13:30:18.000Z\",\"canceled\":1,\"void\":0}',
    '1 - Sanji, Black Leg',
    '2025-10-14 21:30:18'
  );
INSERT INTO
  `audit_log` (
    `id`,
    `table_name`,
    `record_id`,
    `action_type`,
    `old_data`,
    `new_data`,
    `user_name`,
    `created_at`
  )
VALUES
  (
    116,
    'projects_data_b_lines',
    '1',
    'INSERT',
    NULL,
    '{\"DocNum\":1,\"DocEntry\":1,\"Requirements_id\":32,\"Requirements_value\":\"2025-10-14\",\"void\":1}',
    '1 - Sanji, Black Leg',
    '2025-10-14 21:30:19'
  );
INSERT INTO
  `audit_log` (
    `id`,
    `table_name`,
    `record_id`,
    `action_type`,
    `old_data`,
    `new_data`,
    `user_name`,
    `created_at`
  )
VALUES
  (
    117,
    'projects_data_b_lines',
    '2',
    'INSERT',
    NULL,
    NULL,
    '1 - Sanji, Black Leg',
    '2025-10-14 21:30:19'
  );
INSERT INTO
  `audit_log` (
    `id`,
    `table_name`,
    `record_id`,
    `action_type`,
    `old_data`,
    `new_data`,
    `user_name`,
    `created_at`
  )
VALUES
  (
    118,
    'projects_data_b_lines',
    '3',
    'INSERT',
    NULL,
    NULL,
    '1 - Sanji, Black Leg',
    '2025-10-14 21:30:19'
  );
INSERT INTO
  `audit_log` (
    `id`,
    `table_name`,
    `record_id`,
    `action_type`,
    `old_data`,
    `new_data`,
    `user_name`,
    `created_at`
  )
VALUES
  (
    119,
    'projects_data_b_lines',
    '4',
    'INSERT',
    NULL,
    NULL,
    '1 - Sanji, Black Leg',
    '2025-10-14 21:30:20'
  );
INSERT INTO
  `audit_log` (
    `id`,
    `table_name`,
    `record_id`,
    `action_type`,
    `old_data`,
    `new_data`,
    `user_name`,
    `created_at`
  )
VALUES
  (
    120,
    'projects_data_b_lines',
    '5',
    'INSERT',
    NULL,
    NULL,
    '1 - Sanji, Black Leg',
    '2025-10-14 21:30:20'
  );
INSERT INTO
  `audit_log` (
    `id`,
    `table_name`,
    `record_id`,
    `action_type`,
    `old_data`,
    `new_data`,
    `user_name`,
    `created_at`
  )
VALUES
  (
    121,
    'projects_data_b_lines',
    '6',
    'INSERT',
    NULL,
    NULL,
    '1 - Sanji, Black Leg',
    '2025-10-14 21:30:20'
  );
INSERT INTO
  `audit_log` (
    `id`,
    `table_name`,
    `record_id`,
    `action_type`,
    `old_data`,
    `new_data`,
    `user_name`,
    `created_at`
  )
VALUES
  (
    122,
    'projects_data_b_lines',
    '7',
    'INSERT',
    NULL,
    NULL,
    '1 - Sanji, Black Leg',
    '2025-10-14 21:30:21'
  );
INSERT INTO
  `audit_log` (
    `id`,
    `table_name`,
    `record_id`,
    `action_type`,
    `old_data`,
    `new_data`,
    `user_name`,
    `created_at`
  )
VALUES
  (
    123,
    'projects_data_b_lines',
    '8',
    'INSERT',
    NULL,
    NULL,
    '1 - Sanji, Black Leg',
    '2025-10-14 21:30:21'
  );
INSERT INTO
  `audit_log` (
    `id`,
    `table_name`,
    `record_id`,
    `action_type`,
    `old_data`,
    `new_data`,
    `user_name`,
    `created_at`
  )
VALUES
  (
    124,
    'projects_data_b_lines',
    '9',
    'INSERT',
    NULL,
    NULL,
    '1 - Sanji, Black Leg',
    '2025-10-14 21:30:22'
  );
INSERT INTO
  `audit_log` (
    `id`,
    `table_name`,
    `record_id`,
    `action_type`,
    `old_data`,
    `new_data`,
    `user_name`,
    `created_at`
  )
VALUES
  (
    125,
    'projects_data_b_lines',
    '10',
    'INSERT',
    NULL,
    NULL,
    '1 - Sanji, Black Leg',
    '2025-10-14 21:30:22'
  );
INSERT INTO
  `audit_log` (
    `id`,
    `table_name`,
    `record_id`,
    `action_type`,
    `old_data`,
    `new_data`,
    `user_name`,
    `created_at`
  )
VALUES
  (
    126,
    'projects_data_b_lines',
    '11',
    'INSERT',
    NULL,
    NULL,
    '1 - Sanji, Black Leg',
    '2025-10-14 21:30:22'
  );
INSERT INTO
  `audit_log` (
    `id`,
    `table_name`,
    `record_id`,
    `action_type`,
    `old_data`,
    `new_data`,
    `user_name`,
    `created_at`
  )
VALUES
  (
    127,
    'projects_data_b_lines',
    '12',
    'INSERT',
    NULL,
    NULL,
    '1 - Sanji, Black Leg',
    '2025-10-14 21:30:23'
  );
INSERT INTO
  `audit_log` (
    `id`,
    `table_name`,
    `record_id`,
    `action_type`,
    `old_data`,
    `new_data`,
    `user_name`,
    `created_at`
  )
VALUES
  (
    128,
    'projects_data_c_table',
    '1',
    'INSERT',
    NULL,
    NULL,
    '1 - Sanji, Black Leg',
    '2025-10-14 21:30:23'
  );
INSERT INTO
  `audit_log` (
    `id`,
    `table_name`,
    `record_id`,
    `action_type`,
    `old_data`,
    `new_data`,
    `user_name`,
    `created_at`
  )
VALUES
  (
    129,
    'projects_data_c_table',
    '2',
    'INSERT',
    NULL,
    NULL,
    '1 - Sanji, Black Leg',
    '2025-10-14 21:30:23'
  );
INSERT INTO
  `audit_log` (
    `id`,
    `table_name`,
    `record_id`,
    `action_type`,
    `old_data`,
    `new_data`,
    `user_name`,
    `created_at`
  )
VALUES
  (
    130,
    'projects_data_c_table',
    '3',
    'INSERT',
    NULL,
    NULL,
    '1 - Sanji, Black Leg',
    '2025-10-14 21:30:24'
  );
INSERT INTO
  `audit_log` (
    `id`,
    `table_name`,
    `record_id`,
    `action_type`,
    `old_data`,
    `new_data`,
    `user_name`,
    `created_at`
  )
VALUES
  (
    131,
    'projects_data_c_table',
    '4',
    'INSERT',
    NULL,
    NULL,
    '1 - Sanji, Black Leg',
    '2025-10-14 21:30:24'
  );
INSERT INTO
  `audit_log` (
    `id`,
    `table_name`,
    `record_id`,
    `action_type`,
    `old_data`,
    `new_data`,
    `user_name`,
    `created_at`
  )
VALUES
  (
    132,
    'projects_data_c_table',
    '5',
    'INSERT',
    NULL,
    NULL,
    '1 - Sanji, Black Leg',
    '2025-10-14 21:30:24'
  );
INSERT INTO
  `audit_log` (
    `id`,
    `table_name`,
    `record_id`,
    `action_type`,
    `old_data`,
    `new_data`,
    `user_name`,
    `created_at`
  )
VALUES
  (
    133,
    'projects_data_c_table',
    '6',
    'INSERT',
    NULL,
    NULL,
    '1 - Sanji, Black Leg',
    '2025-10-14 21:30:25'
  );
INSERT INTO
  `audit_log` (
    `id`,
    `table_name`,
    `record_id`,
    `action_type`,
    `old_data`,
    `new_data`,
    `user_name`,
    `created_at`
  )
VALUES
  (
    134,
    'projects_data_c_table',
    '7',
    'INSERT',
    NULL,
    NULL,
    '1 - Sanji, Black Leg',
    '2025-10-14 21:30:25'
  );
INSERT INTO
  `audit_log` (
    `id`,
    `table_name`,
    `record_id`,
    `action_type`,
    `old_data`,
    `new_data`,
    `user_name`,
    `created_at`
  )
VALUES
  (
    135,
    'projects_data_c_table',
    '8',
    'INSERT',
    NULL,
    NULL,
    '1 - Sanji, Black Leg',
    '2025-10-14 21:30:26'
  );
INSERT INTO
  `audit_log` (
    `id`,
    `table_name`,
    `record_id`,
    `action_type`,
    `old_data`,
    `new_data`,
    `user_name`,
    `created_at`
  )
VALUES
  (
    136,
    'projects_data_c_table',
    '9',
    'INSERT',
    NULL,
    NULL,
    '1 - Sanji, Black Leg',
    '2025-10-14 21:30:26'
  );
INSERT INTO
  `audit_log` (
    `id`,
    `table_name`,
    `record_id`,
    `action_type`,
    `old_data`,
    `new_data`,
    `user_name`,
    `created_at`
  )
VALUES
  (
    137,
    'approvals_decisions',
    '5',
    'INSERT',
    NULL,
    NULL,
    '1 - Sanji, Black Leg',
    '2025-10-14 21:30:26'
  );
INSERT INTO
  `audit_log` (
    `id`,
    `table_name`,
    `record_id`,
    `action_type`,
    `old_data`,
    `new_data`,
    `user_name`,
    `created_at`
  )
VALUES
  (
    138,
    'approvals_decisions',
    '5',
    'UPDATE',
    NULL,
    NULL,
    '1 - Sanji, Black Leg',
    '2025-10-14 21:30:39'
  );
INSERT INTO
  `audit_log` (
    `id`,
    `table_name`,
    `record_id`,
    `action_type`,
    `old_data`,
    `new_data`,
    `user_name`,
    `created_at`
  )
VALUES
  (
    139,
    'projects_data_a_header',
    '2',
    'INSERT',
    NULL,
    '{\"DocEntry\":2,\"CreatedBy\":24,\"ProjectID\":24,\"createdDate\":\"2025-10-14T16:49:21.000Z\",\"canceled\":1,\"void\":0}',
    '24 - Robin, MsSunday',
    '2025-10-15 00:49:21'
  );
INSERT INTO
  `audit_log` (
    `id`,
    `table_name`,
    `record_id`,
    `action_type`,
    `old_data`,
    `new_data`,
    `user_name`,
    `created_at`
  )
VALUES
  (
    140,
    'projects_data_b_lines',
    '13',
    'INSERT',
    NULL,
    NULL,
    '24 - Robin, MsSunday',
    '2025-10-15 00:49:22'
  );
INSERT INTO
  `audit_log` (
    `id`,
    `table_name`,
    `record_id`,
    `action_type`,
    `old_data`,
    `new_data`,
    `user_name`,
    `created_at`
  )
VALUES
  (
    141,
    'projects_data_b_lines',
    '14',
    'INSERT',
    NULL,
    NULL,
    '24 - Robin, MsSunday',
    '2025-10-15 00:49:22'
  );
INSERT INTO
  `audit_log` (
    `id`,
    `table_name`,
    `record_id`,
    `action_type`,
    `old_data`,
    `new_data`,
    `user_name`,
    `created_at`
  )
VALUES
  (
    142,
    'projects_data_b_lines',
    '15',
    'INSERT',
    NULL,
    NULL,
    '24 - Robin, MsSunday',
    '2025-10-15 00:49:22'
  );
INSERT INTO
  `audit_log` (
    `id`,
    `table_name`,
    `record_id`,
    `action_type`,
    `old_data`,
    `new_data`,
    `user_name`,
    `created_at`
  )
VALUES
  (
    143,
    'projects_data_b_lines',
    '16',
    'INSERT',
    NULL,
    NULL,
    '24 - Robin, MsSunday',
    '2025-10-15 00:49:22'
  );
INSERT INTO
  `audit_log` (
    `id`,
    `table_name`,
    `record_id`,
    `action_type`,
    `old_data`,
    `new_data`,
    `user_name`,
    `created_at`
  )
VALUES
  (
    144,
    'projects_data_b_lines',
    '17',
    'INSERT',
    NULL,
    NULL,
    '24 - Robin, MsSunday',
    '2025-10-15 00:49:22'
  );
INSERT INTO
  `audit_log` (
    `id`,
    `table_name`,
    `record_id`,
    `action_type`,
    `old_data`,
    `new_data`,
    `user_name`,
    `created_at`
  )
VALUES
  (
    145,
    'projects_data_b_lines',
    '18',
    'INSERT',
    NULL,
    NULL,
    '24 - Robin, MsSunday',
    '2025-10-15 00:49:22'
  );
INSERT INTO
  `audit_log` (
    `id`,
    `table_name`,
    `record_id`,
    `action_type`,
    `old_data`,
    `new_data`,
    `user_name`,
    `created_at`
  )
VALUES
  (
    146,
    'projects_data_b_lines',
    '19',
    'INSERT',
    NULL,
    NULL,
    '24 - Robin, MsSunday',
    '2025-10-15 00:49:22'
  );
INSERT INTO
  `audit_log` (
    `id`,
    `table_name`,
    `record_id`,
    `action_type`,
    `old_data`,
    `new_data`,
    `user_name`,
    `created_at`
  )
VALUES
  (
    147,
    'projects_data_b_lines',
    '20',
    'INSERT',
    NULL,
    NULL,
    '24 - Robin, MsSunday',
    '2025-10-15 00:49:22'
  );
INSERT INTO
  `audit_log` (
    `id`,
    `table_name`,
    `record_id`,
    `action_type`,
    `old_data`,
    `new_data`,
    `user_name`,
    `created_at`
  )
VALUES
  (
    148,
    'projects_data_b_lines',
    '21',
    'INSERT',
    NULL,
    NULL,
    '24 - Robin, MsSunday',
    '2025-10-15 00:49:22'
  );
INSERT INTO
  `audit_log` (
    `id`,
    `table_name`,
    `record_id`,
    `action_type`,
    `old_data`,
    `new_data`,
    `user_name`,
    `created_at`
  )
VALUES
  (
    149,
    'projects_data_b_lines',
    '22',
    'INSERT',
    NULL,
    NULL,
    '24 - Robin, MsSunday',
    '2025-10-15 00:49:23'
  );
INSERT INTO
  `audit_log` (
    `id`,
    `table_name`,
    `record_id`,
    `action_type`,
    `old_data`,
    `new_data`,
    `user_name`,
    `created_at`
  )
VALUES
  (
    150,
    'projects_data_b_lines',
    '23',
    'INSERT',
    NULL,
    NULL,
    '24 - Robin, MsSunday',
    '2025-10-15 00:49:23'
  );
INSERT INTO
  `audit_log` (
    `id`,
    `table_name`,
    `record_id`,
    `action_type`,
    `old_data`,
    `new_data`,
    `user_name`,
    `created_at`
  )
VALUES
  (
    151,
    'projects_data_b_lines',
    '24',
    'INSERT',
    NULL,
    NULL,
    '24 - Robin, MsSunday',
    '2025-10-15 00:49:23'
  );
INSERT INTO
  `audit_log` (
    `id`,
    `table_name`,
    `record_id`,
    `action_type`,
    `old_data`,
    `new_data`,
    `user_name`,
    `created_at`
  )
VALUES
  (
    152,
    'projects_data_c_table',
    '10',
    'INSERT',
    NULL,
    NULL,
    '24 - Robin, MsSunday',
    '2025-10-15 00:49:23'
  );
INSERT INTO
  `audit_log` (
    `id`,
    `table_name`,
    `record_id`,
    `action_type`,
    `old_data`,
    `new_data`,
    `user_name`,
    `created_at`
  )
VALUES
  (
    153,
    'projects_data_c_table',
    '11',
    'INSERT',
    NULL,
    NULL,
    '24 - Robin, MsSunday',
    '2025-10-15 00:49:23'
  );
INSERT INTO
  `audit_log` (
    `id`,
    `table_name`,
    `record_id`,
    `action_type`,
    `old_data`,
    `new_data`,
    `user_name`,
    `created_at`
  )
VALUES
  (
    154,
    'projects_data_c_table',
    '12',
    'INSERT',
    NULL,
    '{\"DocNum\":1,\"DocEntry\":12,\"Requirements_id\":6,\"Requirements_value\":\"last\",\"LineID\":1,\"void\":1}',
    '24 - Robin, MsSunday',
    '2025-10-15 00:49:23'
  );
INSERT INTO
  `audit_log` (
    `id`,
    `table_name`,
    `record_id`,
    `action_type`,
    `old_data`,
    `new_data`,
    `user_name`,
    `created_at`
  )
VALUES
  (
    155,
    'projects_data_c_table',
    '13',
    'INSERT',
    NULL,
    NULL,
    '24 - Robin, MsSunday',
    '2025-10-15 00:49:23'
  );
INSERT INTO
  `audit_log` (
    `id`,
    `table_name`,
    `record_id`,
    `action_type`,
    `old_data`,
    `new_data`,
    `user_name`,
    `created_at`
  )
VALUES
  (
    156,
    'projects_data_c_table',
    '14',
    'INSERT',
    NULL,
    NULL,
    '24 - Robin, MsSunday',
    '2025-10-15 00:49:23'
  );
INSERT INTO
  `audit_log` (
    `id`,
    `table_name`,
    `record_id`,
    `action_type`,
    `old_data`,
    `new_data`,
    `user_name`,
    `created_at`
  )
VALUES
  (
    157,
    'projects_data_c_table',
    '15',
    'INSERT',
    NULL,
    NULL,
    '24 - Robin, MsSunday',
    '2025-10-15 00:49:23'
  );
INSERT INTO
  `audit_log` (
    `id`,
    `table_name`,
    `record_id`,
    `action_type`,
    `old_data`,
    `new_data`,
    `user_name`,
    `created_at`
  )
VALUES
  (
    158,
    'projects_data_c_table',
    '16',
    'INSERT',
    NULL,
    NULL,
    '24 - Robin, MsSunday',
    '2025-10-15 00:49:24'
  );
INSERT INTO
  `audit_log` (
    `id`,
    `table_name`,
    `record_id`,
    `action_type`,
    `old_data`,
    `new_data`,
    `user_name`,
    `created_at`
  )
VALUES
  (
    159,
    'projects_data_c_table',
    '17',
    'INSERT',
    NULL,
    NULL,
    '24 - Robin, MsSunday',
    '2025-10-15 00:49:24'
  );
INSERT INTO
  `audit_log` (
    `id`,
    `table_name`,
    `record_id`,
    `action_type`,
    `old_data`,
    `new_data`,
    `user_name`,
    `created_at`
  )
VALUES
  (
    160,
    'projects_data_c_table',
    '18',
    'INSERT',
    NULL,
    NULL,
    '24 - Robin, MsSunday',
    '2025-10-15 00:49:24'
  );
INSERT INTO
  `audit_log` (
    `id`,
    `table_name`,
    `record_id`,
    `action_type`,
    `old_data`,
    `new_data`,
    `user_name`,
    `created_at`
  )
VALUES
  (
    161,
    'approvals_decisions',
    '7',
    'INSERT',
    NULL,
    NULL,
    '24 - Robin, MsSunday',
    '2025-10-15 00:49:24'
  );
INSERT INTO
  `audit_log` (
    `id`,
    `table_name`,
    `record_id`,
    `action_type`,
    `old_data`,
    `new_data`,
    `user_name`,
    `created_at`
  )
VALUES
  (
    162,
    'approvals_decisions',
    '7',
    'UPDATE',
    NULL,
    NULL,
    '1 - Sanji, Black Leg',
    '2025-10-15 01:19:59'
  );
INSERT INTO
  `audit_log` (
    `id`,
    `table_name`,
    `record_id`,
    `action_type`,
    `old_data`,
    `new_data`,
    `user_name`,
    `created_at`
  )
VALUES
  (
    163,
    'projects_data_a_header',
    '3',
    'INSERT',
    NULL,
    '{\"DocEntry\":3,\"CreatedBy\":24,\"ProjectID\":24,\"createdDate\":\"2025-10-14T17:31:06.000Z\",\"canceled\":1,\"void\":0}',
    '24 - Robin, MsSunday',
    '2025-10-15 01:31:06'
  );
INSERT INTO
  `audit_log` (
    `id`,
    `table_name`,
    `record_id`,
    `action_type`,
    `old_data`,
    `new_data`,
    `user_name`,
    `created_at`
  )
VALUES
  (
    164,
    'projects_data_b_lines',
    '25',
    'INSERT',
    NULL,
    NULL,
    '24 - Robin, MsSunday',
    '2025-10-15 01:31:06'
  );
INSERT INTO
  `audit_log` (
    `id`,
    `table_name`,
    `record_id`,
    `action_type`,
    `old_data`,
    `new_data`,
    `user_name`,
    `created_at`
  )
VALUES
  (
    165,
    'projects_data_b_lines',
    '26',
    'INSERT',
    NULL,
    NULL,
    '24 - Robin, MsSunday',
    '2025-10-15 01:31:06'
  );
INSERT INTO
  `audit_log` (
    `id`,
    `table_name`,
    `record_id`,
    `action_type`,
    `old_data`,
    `new_data`,
    `user_name`,
    `created_at`
  )
VALUES
  (
    166,
    'projects_data_b_lines',
    '27',
    'INSERT',
    NULL,
    NULL,
    '24 - Robin, MsSunday',
    '2025-10-15 01:31:07'
  );
INSERT INTO
  `audit_log` (
    `id`,
    `table_name`,
    `record_id`,
    `action_type`,
    `old_data`,
    `new_data`,
    `user_name`,
    `created_at`
  )
VALUES
  (
    167,
    'projects_data_b_lines',
    '28',
    'INSERT',
    NULL,
    NULL,
    '24 - Robin, MsSunday',
    '2025-10-15 01:31:07'
  );
INSERT INTO
  `audit_log` (
    `id`,
    `table_name`,
    `record_id`,
    `action_type`,
    `old_data`,
    `new_data`,
    `user_name`,
    `created_at`
  )
VALUES
  (
    168,
    'projects_data_b_lines',
    '29',
    'INSERT',
    NULL,
    NULL,
    '24 - Robin, MsSunday',
    '2025-10-15 01:31:07'
  );
INSERT INTO
  `audit_log` (
    `id`,
    `table_name`,
    `record_id`,
    `action_type`,
    `old_data`,
    `new_data`,
    `user_name`,
    `created_at`
  )
VALUES
  (
    169,
    'projects_data_b_lines',
    '30',
    'INSERT',
    NULL,
    NULL,
    '24 - Robin, MsSunday',
    '2025-10-15 01:31:07'
  );
INSERT INTO
  `audit_log` (
    `id`,
    `table_name`,
    `record_id`,
    `action_type`,
    `old_data`,
    `new_data`,
    `user_name`,
    `created_at`
  )
VALUES
  (
    170,
    'projects_data_b_lines',
    '31',
    'INSERT',
    NULL,
    NULL,
    '24 - Robin, MsSunday',
    '2025-10-15 01:31:08'
  );
INSERT INTO
  `audit_log` (
    `id`,
    `table_name`,
    `record_id`,
    `action_type`,
    `old_data`,
    `new_data`,
    `user_name`,
    `created_at`
  )
VALUES
  (
    171,
    'projects_data_b_lines',
    '32',
    'INSERT',
    NULL,
    NULL,
    '24 - Robin, MsSunday',
    '2025-10-15 01:31:08'
  );
INSERT INTO
  `audit_log` (
    `id`,
    `table_name`,
    `record_id`,
    `action_type`,
    `old_data`,
    `new_data`,
    `user_name`,
    `created_at`
  )
VALUES
  (
    172,
    'projects_data_b_lines',
    '33',
    'INSERT',
    NULL,
    NULL,
    '24 - Robin, MsSunday',
    '2025-10-15 01:31:08'
  );
INSERT INTO
  `audit_log` (
    `id`,
    `table_name`,
    `record_id`,
    `action_type`,
    `old_data`,
    `new_data`,
    `user_name`,
    `created_at`
  )
VALUES
  (
    173,
    'projects_data_b_lines',
    '34',
    'INSERT',
    NULL,
    NULL,
    '24 - Robin, MsSunday',
    '2025-10-15 01:31:08'
  );
INSERT INTO
  `audit_log` (
    `id`,
    `table_name`,
    `record_id`,
    `action_type`,
    `old_data`,
    `new_data`,
    `user_name`,
    `created_at`
  )
VALUES
  (
    174,
    'projects_data_b_lines',
    '35',
    'INSERT',
    NULL,
    NULL,
    '24 - Robin, MsSunday',
    '2025-10-15 01:31:08'
  );
INSERT INTO
  `audit_log` (
    `id`,
    `table_name`,
    `record_id`,
    `action_type`,
    `old_data`,
    `new_data`,
    `user_name`,
    `created_at`
  )
VALUES
  (
    175,
    'approvals_decisions',
    '8',
    'INSERT',
    NULL,
    NULL,
    '24 - Robin, MsSunday',
    '2025-10-15 01:31:09'
  );
INSERT INTO
  `audit_log` (
    `id`,
    `table_name`,
    `record_id`,
    `action_type`,
    `old_data`,
    `new_data`,
    `user_name`,
    `created_at`
  )
VALUES
  (
    176,
    'approvals_decisions',
    '8',
    'UPDATE',
    NULL,
    NULL,
    '1 - Sanji, Black Leg',
    '2025-10-15 01:36:00'
  );
INSERT INTO
  `audit_log` (
    `id`,
    `table_name`,
    `record_id`,
    `action_type`,
    `old_data`,
    `new_data`,
    `user_name`,
    `created_at`
  )
VALUES
  (
    177,
    'approvals_decisions',
    '7',
    'UPDATE',
    NULL,
    NULL,
    '1 - Sanji, Black Leg',
    '2025-10-15 01:36:46'
  );
INSERT INTO
  `audit_log` (
    `id`,
    `table_name`,
    `record_id`,
    `action_type`,
    `old_data`,
    `new_data`,
    `user_name`,
    `created_at`
  )
VALUES
  (
    178,
    'approvals_decisions',
    '8',
    'UPDATE',
    NULL,
    NULL,
    '1 - Sanji, Black Leg',
    '2025-10-15 01:37:14'
  );
INSERT INTO
  `audit_log` (
    `id`,
    `table_name`,
    `record_id`,
    `action_type`,
    `old_data`,
    `new_data`,
    `user_name`,
    `created_at`
  )
VALUES
  (
    179,
    'approvals_decisions',
    '8',
    'UPDATE',
    NULL,
    NULL,
    '1 - Sanji, Black Leg',
    '2025-10-15 01:38:50'
  );
INSERT INTO
  `audit_log` (
    `id`,
    `table_name`,
    `record_id`,
    `action_type`,
    `old_data`,
    `new_data`,
    `user_name`,
    `created_at`
  )
VALUES
  (
    180,
    'notif',
    '2',
    'INSERT',
    NULL,
    '{\"DocEntry\":2,\"created_by\":1,\"notif_to_id\":24,\"title\":\"General Intake\",\"msg\":\"General Intake Approved\",\"createdTimeStamp\":\"2025-10-14T17:38:50.000Z\",\"isRead\":0,\"void\":1}',
    '1 - Sanji, Black Leg',
    '2025-10-15 01:38:50'
  );
INSERT INTO
  `audit_log` (
    `id`,
    `table_name`,
    `record_id`,
    `action_type`,
    `old_data`,
    `new_data`,
    `user_name`,
    `created_at`
  )
VALUES
  (
    181,
    'approvals_decisions',
    '8',
    'UPDATE',
    NULL,
    NULL,
    '1 - Sanji, Black Leg',
    '2025-10-15 02:18:40'
  );
INSERT INTO
  `audit_log` (
    `id`,
    `table_name`,
    `record_id`,
    `action_type`,
    `old_data`,
    `new_data`,
    `user_name`,
    `created_at`
  )
VALUES
  (
    182,
    'approvals_decisions',
    '8',
    'UPDATE',
    NULL,
    NULL,
    '1 - Sanji, Black Leg',
    '2025-10-15 02:19:11'
  );
INSERT INTO
  `audit_log` (
    `id`,
    `table_name`,
    `record_id`,
    `action_type`,
    `old_data`,
    `new_data`,
    `user_name`,
    `created_at`
  )
VALUES
  (
    183,
    'approvals_decisions',
    '8',
    'UPDATE',
    NULL,
    NULL,
    '1 - Sanji, Black Leg',
    '2025-10-15 02:20:28'
  );
INSERT INTO
  `audit_log` (
    `id`,
    `table_name`,
    `record_id`,
    `action_type`,
    `old_data`,
    `new_data`,
    `user_name`,
    `created_at`
  )
VALUES
  (
    184,
    'user_notifications',
    '3',
    'INSERT',
    NULL,
    '{\"DocEntry\":3,\"created_by\":1,\"notif_to_id\":24,\"title\":\"General Intake\",\"msg\":\"General Intake Approved\",\"createdTimeStamp\":\"2025-10-14T18:20:28.000Z\",\"isRead\":0,\"void\":1}',
    '1 - Sanji, Black Leg',
    '2025-10-15 02:20:28'
  );
INSERT INTO
  `audit_log` (
    `id`,
    `table_name`,
    `record_id`,
    `action_type`,
    `old_data`,
    `new_data`,
    `user_name`,
    `created_at`
  )
VALUES
  (
    185,
    'user_notifications',
    '2',
    'UPDATE',
    '{\"DocEntry\":2,\"created_by\":1,\"notif_to_id\":24,\"title\":\"General Intake\",\"msg\":\"General Intake Approved\",\"createdTimeStamp\":\"2025-10-14T17:38:50.000Z\",\"isRead\":0,\"void\":1}',
    '{\"DocEntry\":2,\"created_by\":1,\"notif_to_id\":24,\"title\":\"General Intake\",\"msg\":\"General Intake Approved\",\"createdTimeStamp\":\"2025-10-14T17:38:50.000Z\",\"isRead\":0,\"void\":1}',
    '24 - Robin, MsSunday',
    '2025-10-15 02:22:14'
  );
INSERT INTO
  `audit_log` (
    `id`,
    `table_name`,
    `record_id`,
    `action_type`,
    `old_data`,
    `new_data`,
    `user_name`,
    `created_at`
  )
VALUES
  (
    186,
    'user_notifications',
    '2',
    'UPDATE',
    '{\"DocEntry\":2,\"created_by\":1,\"notif_to_id\":24,\"title\":\"General Intake\",\"msg\":\"General Intake Approved\",\"createdTimeStamp\":\"2025-10-14T17:38:50.000Z\",\"isRead\":0,\"void\":1}',
    '{\"DocEntry\":2,\"created_by\":1,\"notif_to_id\":24,\"title\":\"General Intake\",\"msg\":\"General Intake Approved\",\"createdTimeStamp\":\"2025-10-14T17:38:50.000Z\",\"isRead\":0,\"void\":1}',
    '24 - Robin, MsSunday',
    '2025-10-15 02:22:21'
  );
INSERT INTO
  `audit_log` (
    `id`,
    `table_name`,
    `record_id`,
    `action_type`,
    `old_data`,
    `new_data`,
    `user_name`,
    `created_at`
  )
VALUES
  (
    187,
    'user_notifications',
    '2',
    'UPDATE',
    '{\"DocEntry\":2,\"created_by\":1,\"notif_to_id\":24,\"title\":\"General Intake\",\"msg\":\"General Intake Approved\",\"createdTimeStamp\":\"2025-10-14T17:38:50.000Z\",\"isRead\":0,\"void\":1}',
    '{\"DocEntry\":2,\"created_by\":1,\"notif_to_id\":24,\"title\":\"General Intake\",\"msg\":\"General Intake Approved\",\"createdTimeStamp\":\"2025-10-14T17:38:50.000Z\",\"isRead\":0,\"void\":1}',
    '24 - Robin, MsSunday',
    '2025-10-15 02:22:51'
  );
INSERT INTO
  `audit_log` (
    `id`,
    `table_name`,
    `record_id`,
    `action_type`,
    `old_data`,
    `new_data`,
    `user_name`,
    `created_at`
  )
VALUES
  (
    188,
    'user_notifications',
    '2',
    'UPDATE',
    '{\"DocEntry\":2,\"created_by\":1,\"notif_to_id\":24,\"title\":\"General Intake\",\"msg\":\"General Intake Approved\",\"createdTimeStamp\":\"2025-10-14T17:38:50.000Z\",\"isRead\":0,\"void\":1}',
    '{\"DocEntry\":2,\"created_by\":1,\"notif_to_id\":24,\"title\":\"General Intake\",\"msg\":\"General Intake Approved\",\"createdTimeStamp\":\"2025-10-14T17:38:50.000Z\",\"isRead\":0,\"void\":1}',
    '24 - Robin, MsSunday',
    '2025-10-15 02:23:06'
  );
INSERT INTO
  `audit_log` (
    `id`,
    `table_name`,
    `record_id`,
    `action_type`,
    `old_data`,
    `new_data`,
    `user_name`,
    `created_at`
  )
VALUES
  (
    189,
    'user_notifications',
    '2',
    'UPDATE',
    '{\"DocEntry\":2,\"created_by\":1,\"notif_to_id\":24,\"title\":\"General Intake\",\"msg\":\"General Intake Approved\",\"createdTimeStamp\":\"2025-10-14T17:38:50.000Z\",\"isRead\":0,\"void\":1}',
    '{\"DocEntry\":2,\"created_by\":1,\"notif_to_id\":24,\"title\":\"General Intake\",\"msg\":\"General Intake Approved\",\"createdTimeStamp\":\"2025-10-14T17:38:50.000Z\",\"isRead\":1,\"void\":1}',
    '24 - Robin, MsSunday',
    '2025-10-15 02:23:31'
  );
INSERT INTO
  `audit_log` (
    `id`,
    `table_name`,
    `record_id`,
    `action_type`,
    `old_data`,
    `new_data`,
    `user_name`,
    `created_at`
  )
VALUES
  (
    190,
    'user_notifications',
    '3',
    'UPDATE',
    '{\"DocEntry\":3,\"created_by\":1,\"notif_to_id\":24,\"title\":\"General Intake\",\"msg\":\"General Intake Approved\",\"createdTimeStamp\":\"2025-10-14T18:20:28.000Z\",\"isRead\":0,\"void\":1}',
    '{\"DocEntry\":3,\"created_by\":1,\"notif_to_id\":24,\"title\":\"General Intake\",\"msg\":\"General Intake Approved\",\"createdTimeStamp\":\"2025-10-14T18:20:28.000Z\",\"isRead\":1,\"void\":1}',
    '24 - Robin, MsSunday',
    '2025-10-15 02:23:35'
  );
INSERT INTO
  `audit_log` (
    `id`,
    `table_name`,
    `record_id`,
    `action_type`,
    `old_data`,
    `new_data`,
    `user_name`,
    `created_at`
  )
VALUES
  (
    191,
    'user_notifications',
    '2',
    'UPDATE',
    '{\"DocEntry\":2,\"created_by\":1,\"notif_to_id\":24,\"title\":\"General Intake\",\"msg\":\"General Intake Approved\",\"createdTimeStamp\":\"2025-10-14T17:38:50.000Z\",\"isRead\":1,\"void\":1}',
    '{\"DocEntry\":2,\"created_by\":1,\"notif_to_id\":24,\"title\":\"General Intake\",\"msg\":\"General Intake Approved\",\"createdTimeStamp\":\"2025-10-14T17:38:50.000Z\",\"isRead\":1,\"void\":1}',
    '24 - Robin, MsSunday',
    '2025-10-15 17:41:44'
  );
INSERT INTO
  `audit_log` (
    `id`,
    `table_name`,
    `record_id`,
    `action_type`,
    `old_data`,
    `new_data`,
    `user_name`,
    `created_at`
  )
VALUES
  (
    192,
    'user_notifications',
    '2',
    'UPDATE',
    '{\"DocEntry\":2,\"created_by\":1,\"notif_to_id\":24,\"title\":\"General Intake\",\"msg\":\"General Intake Approved\",\"createdTimeStamp\":\"2025-10-14T17:38:50.000Z\",\"isRead\":1,\"void\":1}',
    '{\"DocEntry\":2,\"created_by\":1,\"notif_to_id\":24,\"title\":\"General Intake\",\"msg\":\"General Intake Approved\",\"createdTimeStamp\":\"2025-10-14T17:38:50.000Z\",\"isRead\":1,\"void\":1}',
    '24 - Robin, MsSunday',
    '2025-10-15 17:41:44'
  );
INSERT INTO
  `audit_log` (
    `id`,
    `table_name`,
    `record_id`,
    `action_type`,
    `old_data`,
    `new_data`,
    `user_name`,
    `created_at`
  )
VALUES
  (
    193,
    'user_notifications',
    '3',
    'UPDATE',
    '{\"DocEntry\":3,\"created_by\":1,\"notif_to_id\":24,\"title\":\"General Intake\",\"msg\":\"General Intake Approved\",\"createdTimeStamp\":\"2025-10-14T18:20:28.000Z\",\"isRead\":1,\"void\":1}',
    '{\"DocEntry\":3,\"created_by\":1,\"notif_to_id\":24,\"title\":\"General Intake\",\"msg\":\"General Intake Approved\",\"createdTimeStamp\":\"2025-10-14T18:20:28.000Z\",\"isRead\":1,\"void\":1}',
    '24 - Robin, MsSunday',
    '2025-10-15 17:41:45'
  );
INSERT INTO
  `audit_log` (
    `id`,
    `table_name`,
    `record_id`,
    `action_type`,
    `old_data`,
    `new_data`,
    `user_name`,
    `created_at`
  )
VALUES
  (
    194,
    'user_notifications',
    '2',
    'UPDATE',
    '{\"DocEntry\":2,\"created_by\":1,\"notif_to_id\":24,\"title\":\"General Intake\",\"msg\":\"General Intake Approved\",\"createdTimeStamp\":\"2025-10-14T17:38:50.000Z\",\"isRead\":1,\"void\":1}',
    '{\"DocEntry\":2,\"created_by\":1,\"notif_to_id\":24,\"title\":\"General Intake\",\"msg\":\"General Intake Approved\",\"createdTimeStamp\":\"2025-10-14T17:38:50.000Z\",\"isRead\":1,\"void\":1}',
    '24 - Robin, MsSunday',
    '2025-10-15 17:41:48'
  );
INSERT INTO
  `audit_log` (
    `id`,
    `table_name`,
    `record_id`,
    `action_type`,
    `old_data`,
    `new_data`,
    `user_name`,
    `created_at`
  )
VALUES
  (
    195,
    'user_notifications',
    '3',
    'UPDATE',
    '{\"DocEntry\":3,\"created_by\":1,\"notif_to_id\":24,\"title\":\"General Intake\",\"msg\":\"General Intake Approved\",\"createdTimeStamp\":\"2025-10-14T18:20:28.000Z\",\"isRead\":1,\"void\":1}',
    '{\"DocEntry\":3,\"created_by\":1,\"notif_to_id\":24,\"title\":\"General Intake\",\"msg\":\"General Intake Approved\",\"createdTimeStamp\":\"2025-10-14T18:20:28.000Z\",\"isRead\":1,\"void\":1}',
    '24 - Robin, MsSunday',
    '2025-10-15 17:41:49'
  );
INSERT INTO
  `audit_log` (
    `id`,
    `table_name`,
    `record_id`,
    `action_type`,
    `old_data`,
    `new_data`,
    `user_name`,
    `created_at`
  )
VALUES
  (
    196,
    'approvals_decisions',
    '8',
    'UPDATE',
    NULL,
    NULL,
    '1 - Sanji, Black Leg',
    '2025-10-15 17:43:06'
  );
INSERT INTO
  `audit_log` (
    `id`,
    `table_name`,
    `record_id`,
    `action_type`,
    `old_data`,
    `new_data`,
    `user_name`,
    `created_at`
  )
VALUES
  (
    197,
    'user_notifications',
    '1',
    'INSERT',
    NULL,
    '{\"DocEntry\":1,\"created_by\":1,\"notif_to_id\":24,\"title\":\"General Intake\",\"msg\":\"General Intake Approved\",\"createdTimeStamp\":\"2025-10-15T09:43:07.000Z\",\"isRead\":0,\"void\":1}',
    '1 - Sanji, Black Leg',
    '2025-10-15 17:43:07'
  );
INSERT INTO
  `audit_log` (
    `id`,
    `table_name`,
    `record_id`,
    `action_type`,
    `old_data`,
    `new_data`,
    `user_name`,
    `created_at`
  )
VALUES
  (
    198,
    'user_notifications',
    '1',
    'UPDATE',
    '{\"DocEntry\":1,\"created_by\":1,\"notif_to_id\":24,\"title\":\"General Intake\",\"msg\":\"General Intake Approved\",\"createdTimeStamp\":\"2025-10-15T09:43:07.000Z\",\"isRead\":0,\"void\":1}',
    '{\"DocEntry\":1,\"created_by\":1,\"notif_to_id\":24,\"title\":\"General Intake\",\"msg\":\"General Intake Approved\",\"createdTimeStamp\":\"2025-10-15T09:43:07.000Z\",\"isRead\":1,\"void\":1}',
    '24 - Robin, MsSunday',
    '2025-10-15 17:43:21'
  );
INSERT INTO
  `audit_log` (
    `id`,
    `table_name`,
    `record_id`,
    `action_type`,
    `old_data`,
    `new_data`,
    `user_name`,
    `created_at`
  )
VALUES
  (
    199,
    'projects',
    '30',
    'INSERT',
    NULL,
    '{\"DocEntry\":30,\"AddedBy\":1,\"createdDate\":\"2025-10-19T10:24:26.000Z\",\"Disc\":\"\",\"Title\":\"Fund Request\",\"void\":0}',
    'system',
    '2025-10-19 18:24:26'
  );
INSERT INTO
  `audit_log` (
    `id`,
    `table_name`,
    `record_id`,
    `action_type`,
    `old_data`,
    `new_data`,
    `user_name`,
    `created_at`
  )
VALUES
  (
    200,
    'projects_requirements',
    '53',
    'INSERT',
    NULL,
    NULL,
    'system',
    '2025-10-19 18:24:26'
  );
INSERT INTO
  `audit_log` (
    `id`,
    `table_name`,
    `record_id`,
    `action_type`,
    `old_data`,
    `new_data`,
    `user_name`,
    `created_at`
  )
VALUES
  (
    201,
    'chart_of_accounts',
    '10',
    'INSERT',
    NULL,
    '{\"DocEntry\":10,\"Code\":\"30000030\",\"Name\":\"Fund Request\",\"CreatedDate\":\"2025-10-19T10:24:26.000Z\",\"createdBy\":1,\"Void\":1,\"type\":\"Project - Expenses\"}',
    '1 - Sanji, Black Leg',
    '2025-10-19 18:24:26'
  );
INSERT INTO
  `audit_log` (
    `id`,
    `table_name`,
    `record_id`,
    `action_type`,
    `old_data`,
    `new_data`,
    `user_name`,
    `created_at`
  )
VALUES
  (
    202,
    'projects',
    '30',
    'UPDATE',
    '{\"DocEntry\":30,\"AddedBy\":1,\"createdDate\":\"2025-10-19T10:24:26.000Z\",\"Disc\":\"\",\"Title\":\"Fund Request\",\"void\":0}',
    '{\"DocEntry\":30,\"AddedBy\":1,\"createdDate\":\"2025-10-19T10:24:26.000Z\",\"Disc\":\"\",\"Title\":\"Fund Request\",\"void\":1}',
    'system',
    '2025-10-19 18:24:35'
  );
INSERT INTO
  `audit_log` (
    `id`,
    `table_name`,
    `record_id`,
    `action_type`,
    `old_data`,
    `new_data`,
    `user_name`,
    `created_at`
  )
VALUES
  (
    203,
    'approvals',
    '3',
    'INSERT',
    NULL,
    '{\"DocEntry\":3,\"createdBy\":1,\"createdDate\":\"2025-10-19T10:25:07.000Z\",\"description\":\"Fun request Approval\",\"project_id\":30,\"Title\":\"Fun request Approval\",\"type\":2,\"unique_project_if_void1\":null,\"void\":0}',
    'system',
    '2025-10-19 18:25:07'
  );
INSERT INTO
  `audit_log` (
    `id`,
    `table_name`,
    `record_id`,
    `action_type`,
    `old_data`,
    `new_data`,
    `user_name`,
    `created_at`
  )
VALUES
  (
    204,
    'approvals_approvers',
    '3',
    'INSERT',
    NULL,
    '{\"DocNum\":3,\"DocEntry\":3,\"uID\":1,\"createdDate\":\"2025-10-19T10:25:07.000Z\",\"void\":1}',
    'system',
    '2025-10-19 18:25:07'
  );
INSERT INTO
  `audit_log` (
    `id`,
    `table_name`,
    `record_id`,
    `action_type`,
    `old_data`,
    `new_data`,
    `user_name`,
    `created_at`
  )
VALUES
  (
    205,
    'approvals',
    '3',
    'UPDATE',
    '{\"DocEntry\":3,\"createdBy\":1,\"createdDate\":\"2025-10-19T10:25:07.000Z\",\"description\":\"Fun request Approval\",\"project_id\":30,\"Title\":\"Fun request Approval\",\"type\":2,\"unique_project_if_void1\":null,\"void\":0}',
    '{\"DocEntry\":3,\"createdBy\":1,\"createdDate\":\"2025-10-19T10:25:07.000Z\",\"description\":\"Fun request Approval\",\"project_id\":30,\"Title\":\"Fun request Approval\",\"type\":2,\"unique_project_if_void1\":null,\"void\":1}',
    '1 - Sanji, Black Leg',
    '2025-10-19 18:25:10'
  );
INSERT INTO
  `audit_log` (
    `id`,
    `table_name`,
    `record_id`,
    `action_type`,
    `old_data`,
    `new_data`,
    `user_name`,
    `created_at`
  )
VALUES
  (
    206,
    'projects_data_a_header',
    '4',
    'INSERT',
    NULL,
    '{\"DocEntry\":4,\"CreatedBy\":24,\"ProjectID\":24,\"createdDate\":\"2025-10-19T10:26:00.000Z\",\"canceled\":1,\"void\":0}',
    '24 - Robin, MsSunday',
    '2025-10-19 18:26:00'
  );
INSERT INTO
  `audit_log` (
    `id`,
    `table_name`,
    `record_id`,
    `action_type`,
    `old_data`,
    `new_data`,
    `user_name`,
    `created_at`
  )
VALUES
  (
    207,
    'projects_data_b_lines',
    '36',
    'INSERT',
    NULL,
    NULL,
    '24 - Robin, MsSunday',
    '2025-10-19 18:26:00'
  );
INSERT INTO
  `audit_log` (
    `id`,
    `table_name`,
    `record_id`,
    `action_type`,
    `old_data`,
    `new_data`,
    `user_name`,
    `created_at`
  )
VALUES
  (
    208,
    'projects_data_b_lines',
    '37',
    'INSERT',
    NULL,
    NULL,
    '24 - Robin, MsSunday',
    '2025-10-19 18:26:00'
  );
INSERT INTO
  `audit_log` (
    `id`,
    `table_name`,
    `record_id`,
    `action_type`,
    `old_data`,
    `new_data`,
    `user_name`,
    `created_at`
  )
VALUES
  (
    209,
    'projects_data_b_lines',
    '38',
    'INSERT',
    NULL,
    NULL,
    '24 - Robin, MsSunday',
    '2025-10-19 18:26:00'
  );
INSERT INTO
  `audit_log` (
    `id`,
    `table_name`,
    `record_id`,
    `action_type`,
    `old_data`,
    `new_data`,
    `user_name`,
    `created_at`
  )
VALUES
  (
    210,
    'projects_data_b_lines',
    '39',
    'INSERT',
    NULL,
    NULL,
    '24 - Robin, MsSunday',
    '2025-10-19 18:26:00'
  );
INSERT INTO
  `audit_log` (
    `id`,
    `table_name`,
    `record_id`,
    `action_type`,
    `old_data`,
    `new_data`,
    `user_name`,
    `created_at`
  )
VALUES
  (
    211,
    'projects_data_b_lines',
    '40',
    'INSERT',
    NULL,
    NULL,
    '24 - Robin, MsSunday',
    '2025-10-19 18:26:01'
  );
INSERT INTO
  `audit_log` (
    `id`,
    `table_name`,
    `record_id`,
    `action_type`,
    `old_data`,
    `new_data`,
    `user_name`,
    `created_at`
  )
VALUES
  (
    212,
    'projects_data_b_lines',
    '41',
    'INSERT',
    NULL,
    NULL,
    '24 - Robin, MsSunday',
    '2025-10-19 18:26:01'
  );
INSERT INTO
  `audit_log` (
    `id`,
    `table_name`,
    `record_id`,
    `action_type`,
    `old_data`,
    `new_data`,
    `user_name`,
    `created_at`
  )
VALUES
  (
    213,
    'projects_data_b_lines',
    '42',
    'INSERT',
    NULL,
    NULL,
    '24 - Robin, MsSunday',
    '2025-10-19 18:26:01'
  );
INSERT INTO
  `audit_log` (
    `id`,
    `table_name`,
    `record_id`,
    `action_type`,
    `old_data`,
    `new_data`,
    `user_name`,
    `created_at`
  )
VALUES
  (
    214,
    'projects_data_b_lines',
    '43',
    'INSERT',
    NULL,
    NULL,
    '24 - Robin, MsSunday',
    '2025-10-19 18:26:01'
  );
INSERT INTO
  `audit_log` (
    `id`,
    `table_name`,
    `record_id`,
    `action_type`,
    `old_data`,
    `new_data`,
    `user_name`,
    `created_at`
  )
VALUES
  (
    215,
    'projects_data_b_lines',
    '44',
    'INSERT',
    NULL,
    NULL,
    '24 - Robin, MsSunday',
    '2025-10-19 18:26:01'
  );
INSERT INTO
  `audit_log` (
    `id`,
    `table_name`,
    `record_id`,
    `action_type`,
    `old_data`,
    `new_data`,
    `user_name`,
    `created_at`
  )
VALUES
  (
    216,
    'projects_data_b_lines',
    '45',
    'INSERT',
    NULL,
    NULL,
    '24 - Robin, MsSunday',
    '2025-10-19 18:26:01'
  );
INSERT INTO
  `audit_log` (
    `id`,
    `table_name`,
    `record_id`,
    `action_type`,
    `old_data`,
    `new_data`,
    `user_name`,
    `created_at`
  )
VALUES
  (
    217,
    'projects_data_b_lines',
    '46',
    'INSERT',
    NULL,
    NULL,
    '24 - Robin, MsSunday',
    '2025-10-19 18:26:01'
  );
INSERT INTO
  `audit_log` (
    `id`,
    `table_name`,
    `record_id`,
    `action_type`,
    `old_data`,
    `new_data`,
    `user_name`,
    `created_at`
  )
VALUES
  (
    218,
    'approvals_decisions',
    '9',
    'INSERT',
    NULL,
    NULL,
    '24 - Robin, MsSunday',
    '2025-10-19 18:26:01'
  );
INSERT INTO
  `audit_log` (
    `id`,
    `table_name`,
    `record_id`,
    `action_type`,
    `old_data`,
    `new_data`,
    `user_name`,
    `created_at`
  )
VALUES
  (
    219,
    'approvals_decisions',
    '9',
    'UPDATE',
    NULL,
    NULL,
    '1 - Sanji, Black Leg',
    '2025-10-19 18:26:22'
  );
INSERT INTO
  `audit_log` (
    `id`,
    `table_name`,
    `record_id`,
    `action_type`,
    `old_data`,
    `new_data`,
    `user_name`,
    `created_at`
  )
VALUES
  (
    220,
    'user_notifications',
    '2',
    'INSERT',
    NULL,
    '{\"DocEntry\":2,\"created_by\":1,\"notif_to_id\":24,\"title\":\"General Intake\",\"msg\":\"General Intake Approved\",\"createdTimeStamp\":\"2025-10-19T10:26:22.000Z\",\"isRead\":0,\"void\":1}',
    '1 - Sanji, Black Leg',
    '2025-10-19 18:26:22'
  );
INSERT INTO
  `audit_log` (
    `id`,
    `table_name`,
    `record_id`,
    `action_type`,
    `old_data`,
    `new_data`,
    `user_name`,
    `created_at`
  )
VALUES
  (
    221,
    'user_notifications',
    '2',
    'UPDATE',
    '{\"DocEntry\":2,\"created_by\":1,\"notif_to_id\":24,\"title\":\"General Intake\",\"msg\":\"General Intake Approved\",\"createdTimeStamp\":\"2025-10-19T10:26:22.000Z\",\"isRead\":0,\"void\":1}',
    '{\"DocEntry\":2,\"created_by\":1,\"notif_to_id\":24,\"title\":\"General Intake\",\"msg\":\"General Intake Approved\",\"createdTimeStamp\":\"2025-10-19T10:26:22.000Z\",\"isRead\":1,\"void\":1}',
    '24 - Robin, MsSunday',
    '2025-10-19 18:26:37'
  );
INSERT INTO
  `audit_log` (
    `id`,
    `table_name`,
    `record_id`,
    `action_type`,
    `old_data`,
    `new_data`,
    `user_name`,
    `created_at`
  )
VALUES
  (
    222,
    'projects',
    '29',
    'UPDATE',
    '{\"DocEntry\":29,\"AddedBy\":1,\"createdDate\":\"2025-08-18T11:56:48.000Z\",\"Disc\":\"tesx\",\"Title\":\"testx\",\"void\":1}',
    '{\"DocEntry\":29,\"AddedBy\":1,\"createdDate\":\"2025-08-18T11:56:48.000Z\",\"Disc\":\"tesx\",\"Title\":\"testx\",\"void\":0}',
    'system',
    '2025-10-19 18:46:50'
  );
INSERT INTO
  `audit_log` (
    `id`,
    `table_name`,
    `record_id`,
    `action_type`,
    `old_data`,
    `new_data`,
    `user_name`,
    `created_at`
  )
VALUES
  (
    223,
    'projects_data_a_header',
    '5',
    'INSERT',
    NULL,
    '{\"DocEntry\":5,\"CreatedBy\":24,\"ProjectID\":30,\"createdDate\":\"2025-10-19T10:47:18.000Z\",\"canceled\":1,\"void\":0}',
    '24 - Robin, MsSunday',
    '2025-10-19 18:47:19'
  );
INSERT INTO
  `audit_log` (
    `id`,
    `table_name`,
    `record_id`,
    `action_type`,
    `old_data`,
    `new_data`,
    `user_name`,
    `created_at`
  )
VALUES
  (
    224,
    'projects_data_b_lines',
    '47',
    'INSERT',
    NULL,
    NULL,
    '24 - Robin, MsSunday',
    '2025-10-19 18:47:19'
  );
INSERT INTO
  `audit_log` (
    `id`,
    `table_name`,
    `record_id`,
    `action_type`,
    `old_data`,
    `new_data`,
    `user_name`,
    `created_at`
  )
VALUES
  (
    225,
    'approvals_decisions',
    '10',
    'INSERT',
    NULL,
    NULL,
    '24 - Robin, MsSunday',
    '2025-10-19 18:47:19'
  );
INSERT INTO
  `audit_log` (
    `id`,
    `table_name`,
    `record_id`,
    `action_type`,
    `old_data`,
    `new_data`,
    `user_name`,
    `created_at`
  )
VALUES
  (
    226,
    'approvals_decisions',
    '10',
    'UPDATE',
    NULL,
    NULL,
    '1 - Sanji, Black Leg',
    '2025-10-19 18:47:38'
  );
INSERT INTO
  `audit_log` (
    `id`,
    `table_name`,
    `record_id`,
    `action_type`,
    `old_data`,
    `new_data`,
    `user_name`,
    `created_at`
  )
VALUES
  (
    227,
    'user_notifications',
    '3',
    'INSERT',
    NULL,
    '{\"DocEntry\":3,\"created_by\":1,\"notif_to_id\":24,\"title\":\"Fun request Approval\",\"msg\":\"Fun request Approval Approved\",\"createdTimeStamp\":\"2025-10-19T10:47:39.000Z\",\"isRead\":0,\"void\":1}',
    '1 - Sanji, Black Leg',
    '2025-10-19 18:47:39'
  );
INSERT INTO
  `audit_log` (
    `id`,
    `table_name`,
    `record_id`,
    `action_type`,
    `old_data`,
    `new_data`,
    `user_name`,
    `created_at`
  )
VALUES
  (
    228,
    'bookings',
    '55',
    'INSERT',
    NULL,
    '{\"DocEntry\":55,\"projects_data_a_header_entry\":5,\"Title\":0,\"bookingDate\":\"2025-10-21T16:00:00.000Z\",\"CreatedBy\":1,\"CreatedDate\":\"2025-10-19T10:48:09.000Z\",\"UpdatedDate\":null,\"void\":1}',
    '1 - Sanji, Black Leg',
    '2025-10-19 18:48:09'
  );
INSERT INTO
  `audit_log` (
    `id`,
    `table_name`,
    `record_id`,
    `action_type`,
    `old_data`,
    `new_data`,
    `user_name`,
    `created_at`
  )
VALUES
  (
    229,
    'bookings',
    '55',
    'UPDATE',
    '{\"DocEntry\":55,\"projects_data_a_header_entry\":5,\"Title\":0,\"bookingDate\":\"2025-10-21T16:00:00.000Z\",\"CreatedBy\":1,\"CreatedDate\":\"2025-10-19T10:48:09.000Z\",\"UpdatedDate\":null,\"void\":1}',
    '{\"DocEntry\":55,\"projects_data_a_header_entry\":5,\"Title\":0,\"bookingDate\":\"2025-10-21T16:00:00.000Z\",\"CreatedBy\":1,\"CreatedDate\":\"2025-10-19T10:48:09.000Z\",\"UpdatedDate\":null,\"void\":0}',
    '1 - Sanji, Black Leg',
    '2025-10-19 21:54:20'
  );
INSERT INTO
  `audit_log` (
    `id`,
    `table_name`,
    `record_id`,
    `action_type`,
    `old_data`,
    `new_data`,
    `user_name`,
    `created_at`
  )
VALUES
  (
    230,
    'bookings',
    '56',
    'INSERT',
    NULL,
    '{\"DocEntry\":56,\"projects_data_a_header_entry\":5,\"Title\":0,\"bookingDate\":\"2025-10-19T16:00:00.000Z\",\"CreatedBy\":1,\"CreatedDate\":\"2025-10-19T15:52:37.000Z\",\"UpdatedDate\":null,\"void\":1}',
    '1 - Sanji, Black Leg',
    '2025-10-19 23:52:37'
  );
INSERT INTO
  `audit_log` (
    `id`,
    `table_name`,
    `record_id`,
    `action_type`,
    `old_data`,
    `new_data`,
    `user_name`,
    `created_at`
  )
VALUES
  (
    231,
    'bookings',
    '57',
    'INSERT',
    NULL,
    '{\"DocEntry\":57,\"projects_data_a_header_entry\":5,\"Title\":0,\"bookingDate\":\"2025-10-22T16:00:00.000Z\",\"CreatedBy\":1,\"CreatedDate\":\"2025-10-19T16:17:39.000Z\",\"UpdatedDate\":null,\"void\":1}',
    '1 - Sanji, Black Leg',
    '2025-10-20 00:17:39'
  );
INSERT INTO
  `audit_log` (
    `id`,
    `table_name`,
    `record_id`,
    `action_type`,
    `old_data`,
    `new_data`,
    `user_name`,
    `created_at`
  )
VALUES
  (
    232,
    'user_notifications',
    '4',
    'INSERT',
    NULL,
    '{\"DocEntry\":4,\"created_by\":1,\"notif_to_id\":24,\"title\":\"Booking of Fund Request\",\"msg\":\"Fund Request  We are inviting you for an interview at 2025-10-23 please bring essential documents\",\"createdTimeStamp\":\"2025-10-19T16:17:40.000Z\",\"isRead\":0,\"void\":1}',
    '1 - Sanji, Black Leg',
    '2025-10-20 00:17:40'
  );
INSERT INTO
  `audit_log` (
    `id`,
    `table_name`,
    `record_id`,
    `action_type`,
    `old_data`,
    `new_data`,
    `user_name`,
    `created_at`
  )
VALUES
  (
    233,
    'user_notifications',
    '3',
    'UPDATE',
    '{\"DocEntry\":3,\"created_by\":1,\"notif_to_id\":24,\"title\":\"Fun request Approval\",\"msg\":\"Fun request Approval Approved\",\"createdTimeStamp\":\"2025-10-19T10:47:39.000Z\",\"isRead\":0,\"void\":1}',
    '{\"DocEntry\":3,\"created_by\":1,\"notif_to_id\":24,\"title\":\"Fun request Approval\",\"msg\":\"Fun request Approval Approved\",\"createdTimeStamp\":\"2025-10-19T10:47:39.000Z\",\"isRead\":1,\"void\":1}',
    '24 - Robin, MsSunday',
    '2025-10-20 00:17:59'
  );
INSERT INTO
  `audit_log` (
    `id`,
    `table_name`,
    `record_id`,
    `action_type`,
    `old_data`,
    `new_data`,
    `user_name`,
    `created_at`
  )
VALUES
  (
    234,
    'user_notifications',
    '4',
    'UPDATE',
    '{\"DocEntry\":4,\"created_by\":1,\"notif_to_id\":24,\"title\":\"Booking of Fund Request\",\"msg\":\"Fund Request  We are inviting you for an interview at 2025-10-23 please bring essential documents\",\"createdTimeStamp\":\"2025-10-19T16:17:40.000Z\",\"isRead\":0,\"void\":1}',
    '{\"DocEntry\":4,\"created_by\":1,\"notif_to_id\":24,\"title\":\"Booking of Fund Request\",\"msg\":\"Fund Request  We are inviting you for an interview at 2025-10-23 please bring essential documents\",\"createdTimeStamp\":\"2025-10-19T16:17:40.000Z\",\"isRead\":1,\"void\":1}',
    '24 - Robin, MsSunday',
    '2025-10-20 00:18:02'
  );
INSERT INTO
  `audit_log` (
    `id`,
    `table_name`,
    `record_id`,
    `action_type`,
    `old_data`,
    `new_data`,
    `user_name`,
    `created_at`
  )
VALUES
  (
    235,
    'evaluation',
    '7',
    'INSERT',
    NULL,
    '{\"DocEntry\":7,\"bookingid\":\"1\",\"type_of_house\":\"Concrete\",\"other_source_of_income\":\"Relatives\",\"occupation\":\"test others\",\"monthly_income\":\"9,000-15,000\",\"number_of_meals\":\"Two times a day\",\"source_of_water_per_month\":\"Water pump\",\"source_of_fuel_per_month\":\"Charcoal\",\"source_of_light_per_month\":\"Electric\",\"house_and_lot\":\"Caretaker\",\"appliances\":\"Refrigerator\",\"economic_condition\":\"Income is insufficient to meet/provide all basic needs\",\"expenditures_vs_income_analysis\":\"Total monthly family expenditures is equal to the monthly family income\",\"evaluation_recommendation\":\"Limited Economic Resources\",\"problem_presented\":\"this is problem\",\"economic_and_family_background\":\"presure df\",\"assessment\":\"this guys needs help\",\"recommendation\":\"\",\"CreatedDate\":\"2025-10-20T07:10:59.000Z\",\"void\":\"1\"}',
    '1 - Sanji, Black Leg',
    '2025-10-20 15:10:59'
  );
INSERT INTO
  `audit_log` (
    `id`,
    `table_name`,
    `record_id`,
    `action_type`,
    `old_data`,
    `new_data`,
    `user_name`,
    `created_at`
  )
VALUES
  (
    236,
    'evaluation',
    '8',
    'INSERT',
    NULL,
    '{\"DocEntry\":8,\"bookingid\":\"56\",\"type_of_house\":\"Concrete\",\"other_source_of_income\":\"Friends\",\"occupation\":\"Farmers\",\"monthly_income\":\"1,000-3,000\",\"number_of_meals\":\"Once a day\",\"source_of_water_per_month\":\"Deepwell\",\"source_of_fuel_per_month\":\"Firewood\",\"source_of_light_per_month\":\"Lamp\",\"house_and_lot\":\"Owned house & lot\",\"appliances\":\"TV\",\"economic_condition\":\"Income is sufficient to meet/provide all family basic needs\",\"expenditures_vs_income_analysis\":\"Total monthly family expenditures is equal to the monthly family income\",\"evaluation_recommendation\":\"Indigent\",\"problem_presented\":\"PROBLEM\",\"economic_and_family_background\":\"ECONOMIC\",\"assessment\":\"ASSESSMENTads asd asd asd asd asd asd asd ASSESSMENTads asd asd asd asd asd asd asd ASSESSMENTads asd asd asd asd asd asd asd\",\"recommendation\":\"\",\"CreatedDate\":\"2025-10-20T07:34:51.000Z\",\"void\":\"1\"}',
    '1 - Sanji, Black Leg',
    '2025-10-20 15:34:51'
  );
INSERT INTO
  `audit_log` (
    `id`,
    `table_name`,
    `record_id`,
    `action_type`,
    `old_data`,
    `new_data`,
    `user_name`,
    `created_at`
  )
VALUES
  (
    237,
    'evaluation',
    '9',
    'INSERT',
    NULL,
    '{\"DocEntry\":9,\"bookingid\":\"56\",\"type_of_house\":\"Concrete\",\"other_source_of_income\":\"Friends\",\"occupation\":\"asdasd\",\"monthly_income\":\"1,000-3,000\",\"number_of_meals\":\"Once a day\",\"source_of_water_per_month\":\"Deepwell\",\"source_of_fuel_per_month\":\"Firewood\",\"source_of_light_per_month\":\"Lamp\",\"house_and_lot\":\"Owned house & lot\",\"appliances\":\"TV\",\"economic_condition\":\"Income is sufficient to meet/provide all family basic needs\",\"expenditures_vs_income_analysis\":\"Total monthly family expenditures is equal to the monthly family income\",\"evaluation_recommendation\":\"Indigent\",\"problem_presented\":\"a\",\"economic_and_family_background\":\"asd\",\"assessment\":\"asda\",\"recommendation\":\"\",\"CreatedDate\":\"2025-10-20T09:45:24.000Z\",\"void\":\"1\"}',
    '1 - Sanji, Black Leg',
    '2025-10-20 17:45:24'
  );
INSERT INTO
  `audit_log` (
    `id`,
    `table_name`,
    `record_id`,
    `action_type`,
    `old_data`,
    `new_data`,
    `user_name`,
    `created_at`
  )
VALUES
  (
    238,
    'evaluation',
    '10',
    'INSERT',
    NULL,
    '{\"DocEntry\":10,\"bookingid\":\"56\",\"type_of_house\":\"Concrete\",\"other_source_of_income\":\"Friends\",\"occupation\":\"Farmers\",\"monthly_income\":\"1,000-3,000\",\"number_of_meals\":\"Once a day\",\"source_of_water_per_month\":\"Deepwell\",\"source_of_fuel_per_month\":\"Firewood\",\"source_of_light_per_month\":\"Lamp\",\"house_and_lot\":\"Owned house & lot\",\"appliances\":\"TV\",\"economic_condition\":\"Income is sufficient to meet/provide all family basic needs\",\"expenditures_vs_income_analysis\":\"Total monthly family expenditures is equal to the monthly family income\",\"evaluation_recommendation\":\"Indigent\",\"problem_presented\":\"PROBLEM\",\"economic_and_family_background\":\"AND FAMILY BACKGROUND\",\"assessment\":\"ASSESSMENT\",\"recommendation\":\"RECOMMENDATION#1\",\"CreatedDate\":\"2025-10-20T10:37:41.000Z\",\"void\":\"1\"}',
    '1 - Sanji, Black Leg',
    '2025-10-20 18:37:41'
  );
INSERT INTO
  `audit_log` (
    `id`,
    `table_name`,
    `record_id`,
    `action_type`,
    `old_data`,
    `new_data`,
    `user_name`,
    `created_at`
  )
VALUES
  (
    239,
    'evaluation',
    '11',
    'INSERT',
    NULL,
    '{\"DocEntry\":11,\"bookingid\":\"56\",\"type_of_house\":\"Concrete\",\"other_source_of_income\":\"Friends\",\"occupation\":\"Farmers\",\"monthly_income\":\"1,000-3,000\",\"number_of_meals\":\"Once a day\",\"source_of_water_per_month\":\"Deepwell\",\"source_of_fuel_per_month\":\"Firewood\",\"source_of_light_per_month\":\"Lamp\",\"house_and_lot\":\"Owned house & lot\",\"appliances\":\"TV\",\"economic_condition\":\"Income is sufficient to meet/provide all family basic needs\",\"expenditures_vs_income_analysis\":\"Total monthly family expenditures is equal to the monthly family income\",\"evaluation_recommendation\":\"Indigent\",\"problem_presented\":\"PROBLEM\",\"economic_and_family_background\":\"AND FAMILY BACKGROUND\",\"assessment\":\"ASSESSMENT\",\"recommendation\":\"RECOMMENDATION#1\",\"CreatedDate\":\"2025-10-20T10:37:55.000Z\",\"void\":\"1\"}',
    '1 - Sanji, Black Leg',
    '2025-10-20 18:37:55'
  );
INSERT INTO
  `audit_log` (
    `id`,
    `table_name`,
    `record_id`,
    `action_type`,
    `old_data`,
    `new_data`,
    `user_name`,
    `created_at`
  )
VALUES
  (
    240,
    'evaluation',
    '12',
    'INSERT',
    NULL,
    '{\"DocEntry\":12,\"bookingid\":\"56\",\"type_of_house\":\"Concrete\",\"other_source_of_income\":\"Friends\",\"occupation\":\"Farmers\",\"monthly_income\":\"1,000-3,000\",\"number_of_meals\":\"Once a day\",\"source_of_water_per_month\":\"Deepwell\",\"source_of_fuel_per_month\":\"Firewood\",\"source_of_light_per_month\":\"Lamp\",\"house_and_lot\":\"Owned house & lot\",\"appliances\":\"TV\",\"economic_condition\":\"Income is sufficient to meet/provide all family basic needs\",\"expenditures_vs_income_analysis\":\"Total monthly family expenditures is equal to the monthly family income\",\"evaluation_recommendation\":\"Indigent\",\"problem_presented\":\"PROBLEM\",\"economic_and_family_background\":\"AND FAMILY BACKGROUND\",\"assessment\":\"ASSESSMENT\",\"recommendation\":\"RECOMMENDATION#1\",\"CreatedDate\":\"2025-10-20T10:38:49.000Z\",\"void\":\"1\"}',
    '1 - Sanji, Black Leg',
    '2025-10-20 18:38:49'
  );
INSERT INTO
  `audit_log` (
    `id`,
    `table_name`,
    `record_id`,
    `action_type`,
    `old_data`,
    `new_data`,
    `user_name`,
    `created_at`
  )
VALUES
  (
    241,
    'evaluation',
    '13',
    'INSERT',
    NULL,
    '{\"DocEntry\":13,\"bookingid\":\"56\",\"type_of_house\":\"Concrete\",\"other_source_of_income\":\"Friends\",\"occupation\":\"Farmers\",\"monthly_income\":\"1,000-3,000\",\"number_of_meals\":\"Once a day\",\"source_of_water_per_month\":\"Deepwell\",\"source_of_fuel_per_month\":\"Firewood\",\"source_of_light_per_month\":\"Lamp\",\"house_and_lot\":\"Owned house & lot\",\"appliances\":\"TV\",\"economic_condition\":\"Income is sufficient to meet/provide all family basic needs\",\"expenditures_vs_income_analysis\":\"Total monthly family expenditures is equal to the monthly family income\",\"evaluation_recommendation\":\"Indigent\",\"problem_presented\":\"asdasda\",\"economic_and_family_background\":\"asdasda\",\"assessment\":\"aads\",\"recommendation\":\"RECOMMENDATIONxasxasca\",\"CreatedDate\":\"2025-10-20T10:39:26.000Z\",\"void\":\"1\"}',
    '1 - Sanji, Black Leg',
    '2025-10-20 18:39:26'
  );
INSERT INTO
  `audit_log` (
    `id`,
    `table_name`,
    `record_id`,
    `action_type`,
    `old_data`,
    `new_data`,
    `user_name`,
    `created_at`
  )
VALUES
  (
    242,
    'evaluation',
    '14',
    'INSERT',
    NULL,
    '{\"DocEntry\":14,\"bookingid\":\"56\",\"type_of_house\":\"Concrete\",\"other_source_of_income\":\"Friends\",\"occupation\":\"Farmers\",\"monthly_income\":\"1,000-3,000\",\"number_of_meals\":\"Once a day\",\"source_of_water_per_month\":\"Deepwell\",\"source_of_fuel_per_month\":\"Firewood\",\"source_of_light_per_month\":\"Lamp\",\"house_and_lot\":\"Owned house & lot\",\"appliances\":\"TV\",\"economic_condition\":\"Income is sufficient to meet/provide all family basic needs\",\"expenditures_vs_income_analysis\":\"Total monthly family expenditures is equal to the monthly family income\",\"evaluation_recommendation\":\"Indigent\",\"problem_presented\":\"asdasda\",\"economic_and_family_background\":\"asdasda\",\"assessment\":\"aads\",\"recommendation\":\"RECOMMENDATIONxasxasca\",\"CreatedDate\":\"2025-10-20T11:02:07.000Z\",\"void\":\"1\"}',
    '1 - Sanji, Black Leg',
    '2025-10-20 19:02:07'
  );
INSERT INTO
  `audit_log` (
    `id`,
    `table_name`,
    `record_id`,
    `action_type`,
    `old_data`,
    `new_data`,
    `user_name`,
    `created_at`
  )
VALUES
  (
    243,
    'evaluation',
    '15',
    'INSERT',
    NULL,
    '{\"DocEntry\":15,\"bookingid\":\"56\",\"type_of_house\":\"Concrete\",\"other_source_of_income\":\"Friends\",\"occupation\":\"Farmers\",\"monthly_income\":\"1,000-3,000\",\"number_of_meals\":\"Once a day\",\"source_of_water_per_month\":\"Deepwell\",\"source_of_fuel_per_month\":\"Firewood\",\"source_of_light_per_month\":\"Lamp\",\"house_and_lot\":\"Owned house & lot\",\"appliances\":\"TV\",\"economic_condition\":\"Income is sufficient to meet/provide all family basic needs\",\"expenditures_vs_income_analysis\":\"Total monthly family expenditures is equal to the monthly family income\",\"evaluation_recommendation\":\"Indigent\",\"problem_presented\":\"asdasda\",\"economic_and_family_background\":\"asdasda\",\"assessment\":\"aads\",\"recommendation\":\"RECOMMENDATIONxasxasca\",\"CreatedDate\":\"2025-10-20T11:02:36.000Z\",\"void\":\"1\"}',
    '1 - Sanji, Black Leg',
    '2025-10-20 19:02:36'
  );
INSERT INTO
  `audit_log` (
    `id`,
    `table_name`,
    `record_id`,
    `action_type`,
    `old_data`,
    `new_data`,
    `user_name`,
    `created_at`
  )
VALUES
  (
    244,
    'user_notifications',
    '1',
    'UPDATE',
    '{\"DocEntry\":1,\"created_by\":1,\"notif_to_id\":24,\"title\":\"General Intake\",\"msg\":\"General Intake Approved\",\"createdTimeStamp\":\"2025-10-15T09:43:07.000Z\",\"isRead\":1,\"void\":1}',
    '{\"DocEntry\":1,\"created_by\":1,\"notif_to_id\":24,\"title\":\"General Intake\",\"msg\":\"General Intake Approved\",\"createdTimeStamp\":\"2025-10-15T09:43:07.000Z\",\"isRead\":1,\"void\":1}',
    '24 - Robin, MsSunday',
    '2025-10-21 13:54:33'
  );
INSERT INTO
  `audit_log` (
    `id`,
    `table_name`,
    `record_id`,
    `action_type`,
    `old_data`,
    `new_data`,
    `user_name`,
    `created_at`
  )
VALUES
  (
    245,
    'user_notifications',
    '3',
    'UPDATE',
    '{\"DocEntry\":3,\"created_by\":1,\"notif_to_id\":24,\"title\":\"Fun request Approval\",\"msg\":\"Fun request Approval Approved\",\"createdTimeStamp\":\"2025-10-19T10:47:39.000Z\",\"isRead\":1,\"void\":1}',
    '{\"DocEntry\":3,\"created_by\":1,\"notif_to_id\":24,\"title\":\"Fun request Approval\",\"msg\":\"Fun request Approval Approved\",\"createdTimeStamp\":\"2025-10-19T10:47:39.000Z\",\"isRead\":1,\"void\":1}',
    '24 - Robin, MsSunday',
    '2025-10-21 13:54:36'
  );
INSERT INTO
  `audit_log` (
    `id`,
    `table_name`,
    `record_id`,
    `action_type`,
    `old_data`,
    `new_data`,
    `user_name`,
    `created_at`
  )
VALUES
  (
    246,
    'user_notifications',
    '4',
    'UPDATE',
    '{\"DocEntry\":4,\"created_by\":1,\"notif_to_id\":24,\"title\":\"Booking of Fund Request\",\"msg\":\"Fund Request  We are inviting you for an interview at 2025-10-23 please bring essential documents\",\"createdTimeStamp\":\"2025-10-19T16:17:40.000Z\",\"isRead\":1,\"void\":1}',
    '{\"DocEntry\":4,\"created_by\":1,\"notif_to_id\":24,\"title\":\"Booking of Fund Request\",\"msg\":\"Fund Request  We are inviting you for an interview at 2025-10-23 please bring essential documents\",\"createdTimeStamp\":\"2025-10-19T16:17:40.000Z\",\"isRead\":1,\"void\":1}',
    '24 - Robin, MsSunday',
    '2025-10-21 13:54:39'
  );
INSERT INTO
  `audit_log` (
    `id`,
    `table_name`,
    `record_id`,
    `action_type`,
    `old_data`,
    `new_data`,
    `user_name`,
    `created_at`
  )
VALUES
  (
    247,
    'bookings',
    '58',
    'INSERT',
    NULL,
    '{\"DocEntry\":58,\"projects_data_a_header_entry\":5,\"Title\":0,\"bookingDate\":\"2025-10-20T16:00:00.000Z\",\"CreatedBy\":1,\"CreatedDate\":\"2025-10-21T05:56:24.000Z\",\"UpdatedDate\":null,\"void\":1}',
    '1 - Sanji, Black Leg',
    '2025-10-21 13:56:24'
  );
INSERT INTO
  `audit_log` (
    `id`,
    `table_name`,
    `record_id`,
    `action_type`,
    `old_data`,
    `new_data`,
    `user_name`,
    `created_at`
  )
VALUES
  (
    248,
    'user_notifications',
    '5',
    'INSERT',
    NULL,
    '{\"DocEntry\":5,\"created_by\":1,\"notif_to_id\":24,\"title\":\"Booking of Fund Request\",\"msg\":\"Fund Request  We are inviting you for an interview at 2025-10-21 please bring essential documents\",\"createdTimeStamp\":\"2025-10-21T05:56:24.000Z\",\"isRead\":0,\"void\":1}',
    '1 - Sanji, Black Leg',
    '2025-10-21 13:56:24'
  );
INSERT INTO
  `audit_log` (
    `id`,
    `table_name`,
    `record_id`,
    `action_type`,
    `old_data`,
    `new_data`,
    `user_name`,
    `created_at`
  )
VALUES
  (
    249,
    'user_notifications',
    '5',
    'UPDATE',
    '{\"DocEntry\":5,\"created_by\":1,\"notif_to_id\":24,\"title\":\"Booking of Fund Request\",\"msg\":\"Fund Request  We are inviting you for an interview at 2025-10-21 please bring essential documents\",\"createdTimeStamp\":\"2025-10-21T05:56:24.000Z\",\"isRead\":0,\"void\":1}',
    '{\"DocEntry\":5,\"created_by\":1,\"notif_to_id\":24,\"title\":\"Booking of Fund Request\",\"msg\":\"Fund Request  We are inviting you for an interview at 2025-10-21 please bring essential documents\",\"createdTimeStamp\":\"2025-10-21T05:56:24.000Z\",\"isRead\":1,\"void\":1}',
    '24 - Robin, MsSunday',
    '2025-10-21 13:58:31'
  );
INSERT INTO
  `audit_log` (
    `id`,
    `table_name`,
    `record_id`,
    `action_type`,
    `old_data`,
    `new_data`,
    `user_name`,
    `created_at`
  )
VALUES
  (
    250,
    'evaluation',
    '16',
    'INSERT',
    NULL,
    '{\"DocEntry\":16,\"bookingid\":\"58\",\"type_of_house\":\"Wood\",\"other_source_of_income\":\"Friends\",\"occupation\":\"Farmers\",\"monthly_income\":\"1,000-3,000\",\"number_of_meals\":\"Once a day\",\"source_of_water_per_month\":\"Deepwell\",\"source_of_fuel_per_month\":\"Firewood\",\"source_of_light_per_month\":\"suga\",\"house_and_lot\":\"Rented home\",\"appliances\":\"Radio\",\"economic_condition\":\"Income is insufficient to meet/provide all basic needs\",\"expenditures_vs_income_analysis\":\"Total monthly family expenditures is lower than the total monthly income\",\"evaluation_recommendation\":\"Indigent\",\"problem_presented\":\"PROBLEM nako kai gwapo ko\",\"economic_and_family_background\":\"walai koi background\",\"assessment\":\"wala lang\",\"recommendation\":\"tagai daw nig 1,000,000\",\"CreatedDate\":\"2025-10-21T06:00:23.000Z\",\"void\":\"1\"}',
    '1 - Sanji, Black Leg',
    '2025-10-21 14:00:23'
  );
INSERT INTO
  `audit_log` (
    `id`,
    `table_name`,
    `record_id`,
    `action_type`,
    `old_data`,
    `new_data`,
    `user_name`,
    `created_at`
  )
VALUES
  (
    251,
    'projects_data_a_header',
    '6',
    'INSERT',
    NULL,
    '{\"DocEntry\":6,\"CreatedBy\":1,\"ProjectID\":24,\"createdDate\":\"2025-10-21T09:35:47.000Z\",\"canceled\":1,\"void\":0}',
    '1 - Sanji, Black Leg',
    '2025-10-21 17:35:48'
  );
INSERT INTO
  `audit_log` (
    `id`,
    `table_name`,
    `record_id`,
    `action_type`,
    `old_data`,
    `new_data`,
    `user_name`,
    `created_at`
  )
VALUES
  (
    252,
    'projects_data_b_lines',
    '48',
    'INSERT',
    NULL,
    NULL,
    '1 - Sanji, Black Leg',
    '2025-10-21 17:35:48'
  );
INSERT INTO
  `audit_log` (
    `id`,
    `table_name`,
    `record_id`,
    `action_type`,
    `old_data`,
    `new_data`,
    `user_name`,
    `created_at`
  )
VALUES
  (
    253,
    'projects_data_b_lines',
    '49',
    'INSERT',
    NULL,
    NULL,
    '1 - Sanji, Black Leg',
    '2025-10-21 17:35:48'
  );
INSERT INTO
  `audit_log` (
    `id`,
    `table_name`,
    `record_id`,
    `action_type`,
    `old_data`,
    `new_data`,
    `user_name`,
    `created_at`
  )
VALUES
  (
    254,
    'projects_data_b_lines',
    '50',
    'INSERT',
    NULL,
    NULL,
    '1 - Sanji, Black Leg',
    '2025-10-21 17:35:49'
  );
INSERT INTO
  `audit_log` (
    `id`,
    `table_name`,
    `record_id`,
    `action_type`,
    `old_data`,
    `new_data`,
    `user_name`,
    `created_at`
  )
VALUES
  (
    255,
    'projects_data_b_lines',
    '51',
    'INSERT',
    NULL,
    NULL,
    '1 - Sanji, Black Leg',
    '2025-10-21 17:35:49'
  );
INSERT INTO
  `audit_log` (
    `id`,
    `table_name`,
    `record_id`,
    `action_type`,
    `old_data`,
    `new_data`,
    `user_name`,
    `created_at`
  )
VALUES
  (
    256,
    'projects_data_b_lines',
    '52',
    'INSERT',
    NULL,
    NULL,
    '1 - Sanji, Black Leg',
    '2025-10-21 17:35:49'
  );
INSERT INTO
  `audit_log` (
    `id`,
    `table_name`,
    `record_id`,
    `action_type`,
    `old_data`,
    `new_data`,
    `user_name`,
    `created_at`
  )
VALUES
  (
    257,
    'projects_data_b_lines',
    '53',
    'INSERT',
    NULL,
    NULL,
    '1 - Sanji, Black Leg',
    '2025-10-21 17:35:50'
  );
INSERT INTO
  `audit_log` (
    `id`,
    `table_name`,
    `record_id`,
    `action_type`,
    `old_data`,
    `new_data`,
    `user_name`,
    `created_at`
  )
VALUES
  (
    258,
    'projects_data_b_lines',
    '54',
    'INSERT',
    NULL,
    NULL,
    '1 - Sanji, Black Leg',
    '2025-10-21 17:35:50'
  );
INSERT INTO
  `audit_log` (
    `id`,
    `table_name`,
    `record_id`,
    `action_type`,
    `old_data`,
    `new_data`,
    `user_name`,
    `created_at`
  )
VALUES
  (
    259,
    'projects_data_b_lines',
    '55',
    'INSERT',
    NULL,
    NULL,
    '1 - Sanji, Black Leg',
    '2025-10-21 17:35:50'
  );
INSERT INTO
  `audit_log` (
    `id`,
    `table_name`,
    `record_id`,
    `action_type`,
    `old_data`,
    `new_data`,
    `user_name`,
    `created_at`
  )
VALUES
  (
    260,
    'projects_data_b_lines',
    '56',
    'INSERT',
    NULL,
    NULL,
    '1 - Sanji, Black Leg',
    '2025-10-21 17:35:51'
  );
INSERT INTO
  `audit_log` (
    `id`,
    `table_name`,
    `record_id`,
    `action_type`,
    `old_data`,
    `new_data`,
    `user_name`,
    `created_at`
  )
VALUES
  (
    261,
    'projects_data_b_lines',
    '57',
    'INSERT',
    NULL,
    NULL,
    '1 - Sanji, Black Leg',
    '2025-10-21 17:35:51'
  );
INSERT INTO
  `audit_log` (
    `id`,
    `table_name`,
    `record_id`,
    `action_type`,
    `old_data`,
    `new_data`,
    `user_name`,
    `created_at`
  )
VALUES
  (
    262,
    'projects_data_b_lines',
    '58',
    'INSERT',
    NULL,
    NULL,
    '1 - Sanji, Black Leg',
    '2025-10-21 17:35:52'
  );
INSERT INTO
  `audit_log` (
    `id`,
    `table_name`,
    `record_id`,
    `action_type`,
    `old_data`,
    `new_data`,
    `user_name`,
    `created_at`
  )
VALUES
  (
    263,
    'projects_data_b_lines',
    '59',
    'INSERT',
    NULL,
    NULL,
    '1 - Sanji, Black Leg',
    '2025-10-21 17:35:52'
  );
INSERT INTO
  `audit_log` (
    `id`,
    `table_name`,
    `record_id`,
    `action_type`,
    `old_data`,
    `new_data`,
    `user_name`,
    `created_at`
  )
VALUES
  (
    264,
    'projects_data_c_table',
    '19',
    'INSERT',
    NULL,
    NULL,
    '1 - Sanji, Black Leg',
    '2025-10-21 17:35:52'
  );
INSERT INTO
  `audit_log` (
    `id`,
    `table_name`,
    `record_id`,
    `action_type`,
    `old_data`,
    `new_data`,
    `user_name`,
    `created_at`
  )
VALUES
  (
    265,
    'projects_data_c_table',
    '20',
    'INSERT',
    NULL,
    NULL,
    '1 - Sanji, Black Leg',
    '2025-10-21 17:35:53'
  );
INSERT INTO
  `audit_log` (
    `id`,
    `table_name`,
    `record_id`,
    `action_type`,
    `old_data`,
    `new_data`,
    `user_name`,
    `created_at`
  )
VALUES
  (
    266,
    'projects_data_c_table',
    '21',
    'INSERT',
    NULL,
    NULL,
    '1 - Sanji, Black Leg',
    '2025-10-21 17:35:53'
  );
INSERT INTO
  `audit_log` (
    `id`,
    `table_name`,
    `record_id`,
    `action_type`,
    `old_data`,
    `new_data`,
    `user_name`,
    `created_at`
  )
VALUES
  (
    267,
    'projects_data_c_table',
    '22',
    'INSERT',
    NULL,
    NULL,
    '1 - Sanji, Black Leg',
    '2025-10-21 17:35:54'
  );
INSERT INTO
  `audit_log` (
    `id`,
    `table_name`,
    `record_id`,
    `action_type`,
    `old_data`,
    `new_data`,
    `user_name`,
    `created_at`
  )
VALUES
  (
    268,
    'projects_data_c_table',
    '23',
    'INSERT',
    NULL,
    NULL,
    '1 - Sanji, Black Leg',
    '2025-10-21 17:35:54'
  );
INSERT INTO
  `audit_log` (
    `id`,
    `table_name`,
    `record_id`,
    `action_type`,
    `old_data`,
    `new_data`,
    `user_name`,
    `created_at`
  )
VALUES
  (
    269,
    'projects_data_c_table',
    '24',
    'INSERT',
    NULL,
    '{\"DocNum\":10,\"DocEntry\":24,\"Requirements_id\":6,\"Requirements_value\":\"c\",\"LineID\":1,\"void\":1}',
    '1 - Sanji, Black Leg',
    '2025-10-21 17:35:54'
  );
INSERT INTO
  `audit_log` (
    `id`,
    `table_name`,
    `record_id`,
    `action_type`,
    `old_data`,
    `new_data`,
    `user_name`,
    `created_at`
  )
VALUES
  (
    270,
    'projects_data_c_table',
    '25',
    'INSERT',
    NULL,
    NULL,
    '1 - Sanji, Black Leg',
    '2025-10-21 17:35:55'
  );
INSERT INTO
  `audit_log` (
    `id`,
    `table_name`,
    `record_id`,
    `action_type`,
    `old_data`,
    `new_data`,
    `user_name`,
    `created_at`
  )
VALUES
  (
    271,
    'projects_data_c_table',
    '26',
    'INSERT',
    NULL,
    NULL,
    '1 - Sanji, Black Leg',
    '2025-10-21 17:35:55'
  );
INSERT INTO
  `audit_log` (
    `id`,
    `table_name`,
    `record_id`,
    `action_type`,
    `old_data`,
    `new_data`,
    `user_name`,
    `created_at`
  )
VALUES
  (
    272,
    'projects_data_c_table',
    '27',
    'INSERT',
    NULL,
    NULL,
    '1 - Sanji, Black Leg',
    '2025-10-21 17:35:55'
  );
INSERT INTO
  `audit_log` (
    `id`,
    `table_name`,
    `record_id`,
    `action_type`,
    `old_data`,
    `new_data`,
    `user_name`,
    `created_at`
  )
VALUES
  (
    273,
    'projects_data_b_lines',
    '60',
    'INSERT',
    NULL,
    NULL,
    '1 - Sanji, Black Leg',
    '2025-10-21 17:35:56'
  );
INSERT INTO
  `audit_log` (
    `id`,
    `table_name`,
    `record_id`,
    `action_type`,
    `old_data`,
    `new_data`,
    `user_name`,
    `created_at`
  )
VALUES
  (
    274,
    'approvals_decisions',
    '11',
    'INSERT',
    NULL,
    NULL,
    '1 - Sanji, Black Leg',
    '2025-10-21 17:35:56'
  );
INSERT INTO
  `audit_log` (
    `id`,
    `table_name`,
    `record_id`,
    `action_type`,
    `old_data`,
    `new_data`,
    `user_name`,
    `created_at`
  )
VALUES
  (
    275,
    'approvals_decisions',
    '11',
    'UPDATE',
    NULL,
    NULL,
    '1 - Sanji, Black Leg',
    '2025-10-21 17:36:10'
  );
INSERT INTO
  `audit_log` (
    `id`,
    `table_name`,
    `record_id`,
    `action_type`,
    `old_data`,
    `new_data`,
    `user_name`,
    `created_at`
  )
VALUES
  (
    276,
    'user_notifications',
    '6',
    'INSERT',
    NULL,
    '{\"DocEntry\":6,\"created_by\":1,\"notif_to_id\":1,\"title\":\"General Intake\",\"msg\":\"General Intake Approved\",\"createdTimeStamp\":\"2025-10-21T09:36:11.000Z\",\"isRead\":0,\"void\":1}',
    '1 - Sanji, Black Leg',
    '2025-10-21 17:36:11'
  );
INSERT INTO
  `audit_log` (
    `id`,
    `table_name`,
    `record_id`,
    `action_type`,
    `old_data`,
    `new_data`,
    `user_name`,
    `created_at`
  )
VALUES
  (
    277,
    'projects_data_a_header',
    '7',
    'INSERT',
    NULL,
    '{\"DocEntry\":7,\"CreatedBy\":24,\"ProjectID\":24,\"createdDate\":\"2025-10-21T09:41:07.000Z\",\"canceled\":1,\"void\":0}',
    '24 - Robin, MsSunday',
    '2025-10-21 17:41:07'
  );
INSERT INTO
  `audit_log` (
    `id`,
    `table_name`,
    `record_id`,
    `action_type`,
    `old_data`,
    `new_data`,
    `user_name`,
    `created_at`
  )
VALUES
  (
    278,
    'projects_data_b_lines',
    '1',
    'INSERT',
    NULL,
    NULL,
    '24 - Robin, MsSunday',
    '2025-10-21 17:41:07'
  );
INSERT INTO
  `audit_log` (
    `id`,
    `table_name`,
    `record_id`,
    `action_type`,
    `old_data`,
    `new_data`,
    `user_name`,
    `created_at`
  )
VALUES
  (
    279,
    'projects_data_b_lines',
    '2',
    'INSERT',
    NULL,
    NULL,
    '24 - Robin, MsSunday',
    '2025-10-21 17:41:08'
  );
INSERT INTO
  `audit_log` (
    `id`,
    `table_name`,
    `record_id`,
    `action_type`,
    `old_data`,
    `new_data`,
    `user_name`,
    `created_at`
  )
VALUES
  (
    280,
    'projects_data_b_lines',
    '3',
    'INSERT',
    NULL,
    NULL,
    '24 - Robin, MsSunday',
    '2025-10-21 17:41:08'
  );
INSERT INTO
  `audit_log` (
    `id`,
    `table_name`,
    `record_id`,
    `action_type`,
    `old_data`,
    `new_data`,
    `user_name`,
    `created_at`
  )
VALUES
  (
    281,
    'projects_data_b_lines',
    '4',
    'INSERT',
    NULL,
    NULL,
    '24 - Robin, MsSunday',
    '2025-10-21 17:41:09'
  );
INSERT INTO
  `audit_log` (
    `id`,
    `table_name`,
    `record_id`,
    `action_type`,
    `old_data`,
    `new_data`,
    `user_name`,
    `created_at`
  )
VALUES
  (
    282,
    'projects_data_b_lines',
    '5',
    'INSERT',
    NULL,
    NULL,
    '24 - Robin, MsSunday',
    '2025-10-21 17:41:09'
  );
INSERT INTO
  `audit_log` (
    `id`,
    `table_name`,
    `record_id`,
    `action_type`,
    `old_data`,
    `new_data`,
    `user_name`,
    `created_at`
  )
VALUES
  (
    283,
    'projects_data_b_lines',
    '6',
    'INSERT',
    NULL,
    NULL,
    '24 - Robin, MsSunday',
    '2025-10-21 17:41:09'
  );
INSERT INTO
  `audit_log` (
    `id`,
    `table_name`,
    `record_id`,
    `action_type`,
    `old_data`,
    `new_data`,
    `user_name`,
    `created_at`
  )
VALUES
  (
    284,
    'projects_data_b_lines',
    '7',
    'INSERT',
    NULL,
    '{\"DocNum\":1,\"DocEntry\":7,\"Requirements_id\":32,\"Requirements_value\":\"2000-10-01\",\"void\":1}',
    '24 - Robin, MsSunday',
    '2025-10-21 17:41:10'
  );
INSERT INTO
  `audit_log` (
    `id`,
    `table_name`,
    `record_id`,
    `action_type`,
    `old_data`,
    `new_data`,
    `user_name`,
    `created_at`
  )
VALUES
  (
    285,
    'projects_data_b_lines',
    '8',
    'INSERT',
    NULL,
    NULL,
    '24 - Robin, MsSunday',
    '2025-10-21 17:41:10'
  );
INSERT INTO
  `audit_log` (
    `id`,
    `table_name`,
    `record_id`,
    `action_type`,
    `old_data`,
    `new_data`,
    `user_name`,
    `created_at`
  )
VALUES
  (
    286,
    'projects_data_b_lines',
    '9',
    'INSERT',
    NULL,
    NULL,
    '24 - Robin, MsSunday',
    '2025-10-21 17:41:11'
  );
INSERT INTO
  `audit_log` (
    `id`,
    `table_name`,
    `record_id`,
    `action_type`,
    `old_data`,
    `new_data`,
    `user_name`,
    `created_at`
  )
VALUES
  (
    287,
    'projects_data_b_lines',
    '10',
    'INSERT',
    NULL,
    NULL,
    '24 - Robin, MsSunday',
    '2025-10-21 17:41:11'
  );
INSERT INTO
  `audit_log` (
    `id`,
    `table_name`,
    `record_id`,
    `action_type`,
    `old_data`,
    `new_data`,
    `user_name`,
    `created_at`
  )
VALUES
  (
    288,
    'projects_data_b_lines',
    '11',
    'INSERT',
    NULL,
    NULL,
    '24 - Robin, MsSunday',
    '2025-10-21 17:41:12'
  );
INSERT INTO
  `audit_log` (
    `id`,
    `table_name`,
    `record_id`,
    `action_type`,
    `old_data`,
    `new_data`,
    `user_name`,
    `created_at`
  )
VALUES
  (
    289,
    'projects_data_b_lines',
    '12',
    'INSERT',
    NULL,
    NULL,
    '24 - Robin, MsSunday',
    '2025-10-21 17:41:12'
  );
INSERT INTO
  `audit_log` (
    `id`,
    `table_name`,
    `record_id`,
    `action_type`,
    `old_data`,
    `new_data`,
    `user_name`,
    `created_at`
  )
VALUES
  (
    290,
    'projects_data_c_table',
    '1',
    'INSERT',
    NULL,
    NULL,
    '24 - Robin, MsSunday',
    '2025-10-21 17:41:12'
  );
INSERT INTO
  `audit_log` (
    `id`,
    `table_name`,
    `record_id`,
    `action_type`,
    `old_data`,
    `new_data`,
    `user_name`,
    `created_at`
  )
VALUES
  (
    291,
    'projects_data_c_table',
    '2',
    'INSERT',
    NULL,
    NULL,
    '24 - Robin, MsSunday',
    '2025-10-21 17:41:13'
  );
INSERT INTO
  `audit_log` (
    `id`,
    `table_name`,
    `record_id`,
    `action_type`,
    `old_data`,
    `new_data`,
    `user_name`,
    `created_at`
  )
VALUES
  (
    292,
    'projects_data_c_table',
    '3',
    'INSERT',
    NULL,
    NULL,
    '24 - Robin, MsSunday',
    '2025-10-21 17:41:13'
  );
INSERT INTO
  `audit_log` (
    `id`,
    `table_name`,
    `record_id`,
    `action_type`,
    `old_data`,
    `new_data`,
    `user_name`,
    `created_at`
  )
VALUES
  (
    293,
    'projects_data_c_table',
    '4',
    'INSERT',
    NULL,
    NULL,
    '24 - Robin, MsSunday',
    '2025-10-21 17:41:14'
  );
INSERT INTO
  `audit_log` (
    `id`,
    `table_name`,
    `record_id`,
    `action_type`,
    `old_data`,
    `new_data`,
    `user_name`,
    `created_at`
  )
VALUES
  (
    294,
    'projects_data_c_table',
    '5',
    'INSERT',
    NULL,
    NULL,
    '24 - Robin, MsSunday',
    '2025-10-21 17:41:14'
  );
INSERT INTO
  `audit_log` (
    `id`,
    `table_name`,
    `record_id`,
    `action_type`,
    `old_data`,
    `new_data`,
    `user_name`,
    `created_at`
  )
VALUES
  (
    295,
    'projects_data_c_table',
    '6',
    'INSERT',
    NULL,
    NULL,
    '24 - Robin, MsSunday',
    '2025-10-21 17:41:15'
  );
INSERT INTO
  `audit_log` (
    `id`,
    `table_name`,
    `record_id`,
    `action_type`,
    `old_data`,
    `new_data`,
    `user_name`,
    `created_at`
  )
VALUES
  (
    296,
    'projects_data_c_table',
    '7',
    'INSERT',
    NULL,
    NULL,
    '24 - Robin, MsSunday',
    '2025-10-21 17:41:15'
  );
INSERT INTO
  `audit_log` (
    `id`,
    `table_name`,
    `record_id`,
    `action_type`,
    `old_data`,
    `new_data`,
    `user_name`,
    `created_at`
  )
VALUES
  (
    297,
    'projects_data_c_table',
    '8',
    'INSERT',
    NULL,
    NULL,
    '24 - Robin, MsSunday',
    '2025-10-21 17:41:15'
  );
INSERT INTO
  `audit_log` (
    `id`,
    `table_name`,
    `record_id`,
    `action_type`,
    `old_data`,
    `new_data`,
    `user_name`,
    `created_at`
  )
VALUES
  (
    298,
    'projects_data_c_table',
    '9',
    'INSERT',
    NULL,
    NULL,
    '24 - Robin, MsSunday',
    '2025-10-21 17:41:16'
  );
INSERT INTO
  `audit_log` (
    `id`,
    `table_name`,
    `record_id`,
    `action_type`,
    `old_data`,
    `new_data`,
    `user_name`,
    `created_at`
  )
VALUES
  (
    299,
    'projects_data_b_lines',
    '13',
    'INSERT',
    NULL,
    NULL,
    '24 - Robin, MsSunday',
    '2025-10-21 17:41:16'
  );
INSERT INTO
  `audit_log` (
    `id`,
    `table_name`,
    `record_id`,
    `action_type`,
    `old_data`,
    `new_data`,
    `user_name`,
    `created_at`
  )
VALUES
  (
    300,
    'projects_data_c_table',
    '10',
    'INSERT',
    NULL,
    NULL,
    '24 - Robin, MsSunday',
    '2025-10-21 17:41:17'
  );
INSERT INTO
  `audit_log` (
    `id`,
    `table_name`,
    `record_id`,
    `action_type`,
    `old_data`,
    `new_data`,
    `user_name`,
    `created_at`
  )
VALUES
  (
    301,
    'projects_data_c_table',
    '11',
    'INSERT',
    NULL,
    NULL,
    '24 - Robin, MsSunday',
    '2025-10-21 17:41:17'
  );
INSERT INTO
  `audit_log` (
    `id`,
    `table_name`,
    `record_id`,
    `action_type`,
    `old_data`,
    `new_data`,
    `user_name`,
    `created_at`
  )
VALUES
  (
    302,
    'projects_data_c_table',
    '12',
    'INSERT',
    NULL,
    '{\"DocNum\":1,\"DocEntry\":12,\"Requirements_id\":6,\"Requirements_value\":\"a\",\"LineID\":1,\"void\":1}',
    '24 - Robin, MsSunday',
    '2025-10-21 17:41:17'
  );
INSERT INTO
  `audit_log` (
    `id`,
    `table_name`,
    `record_id`,
    `action_type`,
    `old_data`,
    `new_data`,
    `user_name`,
    `created_at`
  )
VALUES
  (
    303,
    'projects_data_c_table',
    '13',
    'INSERT',
    NULL,
    '{\"DocNum\":10,\"DocEntry\":13,\"Requirements_id\":6,\"Requirements_value\":\"b\",\"LineID\":2,\"void\":1}',
    '24 - Robin, MsSunday',
    '2025-10-21 17:41:18'
  );
INSERT INTO
  `audit_log` (
    `id`,
    `table_name`,
    `record_id`,
    `action_type`,
    `old_data`,
    `new_data`,
    `user_name`,
    `created_at`
  )
VALUES
  (
    304,
    'projects_data_c_table',
    '14',
    'INSERT',
    NULL,
    NULL,
    '24 - Robin, MsSunday',
    '2025-10-21 17:41:18'
  );
INSERT INTO
  `audit_log` (
    `id`,
    `table_name`,
    `record_id`,
    `action_type`,
    `old_data`,
    `new_data`,
    `user_name`,
    `created_at`
  )
VALUES
  (
    305,
    'projects_data_c_table',
    '15',
    'INSERT',
    NULL,
    NULL,
    '24 - Robin, MsSunday',
    '2025-10-21 17:41:19'
  );
INSERT INTO
  `audit_log` (
    `id`,
    `table_name`,
    `record_id`,
    `action_type`,
    `old_data`,
    `new_data`,
    `user_name`,
    `created_at`
  )
VALUES
  (
    306,
    'projects_data_c_table',
    '16',
    'INSERT',
    NULL,
    NULL,
    '24 - Robin, MsSunday',
    '2025-10-21 17:41:19'
  );
INSERT INTO
  `audit_log` (
    `id`,
    `table_name`,
    `record_id`,
    `action_type`,
    `old_data`,
    `new_data`,
    `user_name`,
    `created_at`
  )
VALUES
  (
    307,
    'projects_data_c_table',
    '17',
    'INSERT',
    NULL,
    NULL,
    '24 - Robin, MsSunday',
    '2025-10-21 17:41:20'
  );
INSERT INTO
  `audit_log` (
    `id`,
    `table_name`,
    `record_id`,
    `action_type`,
    `old_data`,
    `new_data`,
    `user_name`,
    `created_at`
  )
VALUES
  (
    308,
    'projects_data_c_table',
    '18',
    'INSERT',
    NULL,
    NULL,
    '24 - Robin, MsSunday',
    '2025-10-21 17:41:20'
  );
INSERT INTO
  `audit_log` (
    `id`,
    `table_name`,
    `record_id`,
    `action_type`,
    `old_data`,
    `new_data`,
    `user_name`,
    `created_at`
  )
VALUES
  (
    309,
    'projects_data_b_lines',
    '14',
    'INSERT',
    NULL,
    NULL,
    '24 - Robin, MsSunday',
    '2025-10-21 17:41:21'
  );
INSERT INTO
  `audit_log` (
    `id`,
    `table_name`,
    `record_id`,
    `action_type`,
    `old_data`,
    `new_data`,
    `user_name`,
    `created_at`
  )
VALUES
  (
    310,
    'approvals_decisions',
    '1',
    'INSERT',
    NULL,
    NULL,
    '24 - Robin, MsSunday',
    '2025-10-21 17:41:21'
  );
INSERT INTO
  `audit_log` (
    `id`,
    `table_name`,
    `record_id`,
    `action_type`,
    `old_data`,
    `new_data`,
    `user_name`,
    `created_at`
  )
VALUES
  (
    311,
    'projects_data_a_header',
    '8',
    'INSERT',
    NULL,
    '{\"DocEntry\":8,\"CreatedBy\":1,\"ProjectID\":24,\"createdDate\":\"2025-10-21T09:45:18.000Z\",\"canceled\":1,\"void\":0}',
    '1 - Sanji, Black Leg',
    '2025-10-21 17:45:18'
  );
INSERT INTO
  `audit_log` (
    `id`,
    `table_name`,
    `record_id`,
    `action_type`,
    `old_data`,
    `new_data`,
    `user_name`,
    `created_at`
  )
VALUES
  (
    312,
    'projects_data_b_lines',
    '15',
    'INSERT',
    NULL,
    NULL,
    '1 - Sanji, Black Leg',
    '2025-10-21 17:45:19'
  );
INSERT INTO
  `audit_log` (
    `id`,
    `table_name`,
    `record_id`,
    `action_type`,
    `old_data`,
    `new_data`,
    `user_name`,
    `created_at`
  )
VALUES
  (
    313,
    'projects_data_b_lines',
    '16',
    'INSERT',
    NULL,
    NULL,
    '1 - Sanji, Black Leg',
    '2025-10-21 17:45:19'
  );
INSERT INTO
  `audit_log` (
    `id`,
    `table_name`,
    `record_id`,
    `action_type`,
    `old_data`,
    `new_data`,
    `user_name`,
    `created_at`
  )
VALUES
  (
    314,
    'projects_data_b_lines',
    '17',
    'INSERT',
    NULL,
    NULL,
    '1 - Sanji, Black Leg',
    '2025-10-21 17:45:20'
  );
INSERT INTO
  `audit_log` (
    `id`,
    `table_name`,
    `record_id`,
    `action_type`,
    `old_data`,
    `new_data`,
    `user_name`,
    `created_at`
  )
VALUES
  (
    315,
    'projects_data_b_lines',
    '18',
    'INSERT',
    NULL,
    NULL,
    '1 - Sanji, Black Leg',
    '2025-10-21 17:45:20'
  );
INSERT INTO
  `audit_log` (
    `id`,
    `table_name`,
    `record_id`,
    `action_type`,
    `old_data`,
    `new_data`,
    `user_name`,
    `created_at`
  )
VALUES
  (
    316,
    'projects_data_b_lines',
    '19',
    'INSERT',
    NULL,
    NULL,
    '1 - Sanji, Black Leg',
    '2025-10-21 17:45:20'
  );
INSERT INTO
  `audit_log` (
    `id`,
    `table_name`,
    `record_id`,
    `action_type`,
    `old_data`,
    `new_data`,
    `user_name`,
    `created_at`
  )
VALUES
  (
    317,
    'projects_data_b_lines',
    '20',
    'INSERT',
    NULL,
    NULL,
    '1 - Sanji, Black Leg',
    '2025-10-21 17:45:21'
  );
INSERT INTO
  `audit_log` (
    `id`,
    `table_name`,
    `record_id`,
    `action_type`,
    `old_data`,
    `new_data`,
    `user_name`,
    `created_at`
  )
VALUES
  (
    318,
    'projects_data_b_lines',
    '21',
    'INSERT',
    NULL,
    NULL,
    '1 - Sanji, Black Leg',
    '2025-10-21 17:45:21'
  );
INSERT INTO
  `audit_log` (
    `id`,
    `table_name`,
    `record_id`,
    `action_type`,
    `old_data`,
    `new_data`,
    `user_name`,
    `created_at`
  )
VALUES
  (
    319,
    'projects_data_b_lines',
    '22',
    'INSERT',
    NULL,
    NULL,
    '1 - Sanji, Black Leg',
    '2025-10-21 17:45:22'
  );
INSERT INTO
  `audit_log` (
    `id`,
    `table_name`,
    `record_id`,
    `action_type`,
    `old_data`,
    `new_data`,
    `user_name`,
    `created_at`
  )
VALUES
  (
    320,
    'projects_data_b_lines',
    '23',
    'INSERT',
    NULL,
    NULL,
    '1 - Sanji, Black Leg',
    '2025-10-21 17:45:22'
  );
INSERT INTO
  `audit_log` (
    `id`,
    `table_name`,
    `record_id`,
    `action_type`,
    `old_data`,
    `new_data`,
    `user_name`,
    `created_at`
  )
VALUES
  (
    321,
    'projects_data_b_lines',
    '24',
    'INSERT',
    NULL,
    NULL,
    '1 - Sanji, Black Leg',
    '2025-10-21 17:45:22'
  );
INSERT INTO
  `audit_log` (
    `id`,
    `table_name`,
    `record_id`,
    `action_type`,
    `old_data`,
    `new_data`,
    `user_name`,
    `created_at`
  )
VALUES
  (
    322,
    'projects_data_b_lines',
    '25',
    'INSERT',
    NULL,
    NULL,
    '1 - Sanji, Black Leg',
    '2025-10-21 17:45:23'
  );
INSERT INTO
  `audit_log` (
    `id`,
    `table_name`,
    `record_id`,
    `action_type`,
    `old_data`,
    `new_data`,
    `user_name`,
    `created_at`
  )
VALUES
  (
    323,
    'projects_data_b_lines',
    '26',
    'INSERT',
    NULL,
    NULL,
    '1 - Sanji, Black Leg',
    '2025-10-21 17:45:23'
  );
INSERT INTO
  `audit_log` (
    `id`,
    `table_name`,
    `record_id`,
    `action_type`,
    `old_data`,
    `new_data`,
    `user_name`,
    `created_at`
  )
VALUES
  (
    324,
    'projects_data_c_table',
    '19',
    'INSERT',
    NULL,
    NULL,
    '1 - Sanji, Black Leg',
    '2025-10-21 17:45:23'
  );
INSERT INTO
  `audit_log` (
    `id`,
    `table_name`,
    `record_id`,
    `action_type`,
    `old_data`,
    `new_data`,
    `user_name`,
    `created_at`
  )
VALUES
  (
    325,
    'projects_data_c_table',
    '20',
    'INSERT',
    NULL,
    NULL,
    '1 - Sanji, Black Leg',
    '2025-10-21 17:45:24'
  );
INSERT INTO
  `audit_log` (
    `id`,
    `table_name`,
    `record_id`,
    `action_type`,
    `old_data`,
    `new_data`,
    `user_name`,
    `created_at`
  )
VALUES
  (
    326,
    'projects_data_c_table',
    '21',
    'INSERT',
    NULL,
    NULL,
    '1 - Sanji, Black Leg',
    '2025-10-21 17:45:24'
  );
INSERT INTO
  `audit_log` (
    `id`,
    `table_name`,
    `record_id`,
    `action_type`,
    `old_data`,
    `new_data`,
    `user_name`,
    `created_at`
  )
VALUES
  (
    327,
    'projects_data_c_table',
    '22',
    'INSERT',
    NULL,
    NULL,
    '1 - Sanji, Black Leg',
    '2025-10-21 17:45:24'
  );
INSERT INTO
  `audit_log` (
    `id`,
    `table_name`,
    `record_id`,
    `action_type`,
    `old_data`,
    `new_data`,
    `user_name`,
    `created_at`
  )
VALUES
  (
    328,
    'projects_data_c_table',
    '23',
    'INSERT',
    NULL,
    NULL,
    '1 - Sanji, Black Leg',
    '2025-10-21 17:45:25'
  );
INSERT INTO
  `audit_log` (
    `id`,
    `table_name`,
    `record_id`,
    `action_type`,
    `old_data`,
    `new_data`,
    `user_name`,
    `created_at`
  )
VALUES
  (
    329,
    'projects_data_c_table',
    '24',
    'INSERT',
    NULL,
    NULL,
    '1 - Sanji, Black Leg',
    '2025-10-21 17:45:25'
  );
INSERT INTO
  `audit_log` (
    `id`,
    `table_name`,
    `record_id`,
    `action_type`,
    `old_data`,
    `new_data`,
    `user_name`,
    `created_at`
  )
VALUES
  (
    330,
    'projects_data_c_table',
    '25',
    'INSERT',
    NULL,
    NULL,
    '1 - Sanji, Black Leg',
    '2025-10-21 17:45:26'
  );
INSERT INTO
  `audit_log` (
    `id`,
    `table_name`,
    `record_id`,
    `action_type`,
    `old_data`,
    `new_data`,
    `user_name`,
    `created_at`
  )
VALUES
  (
    331,
    'projects_data_c_table',
    '26',
    'INSERT',
    NULL,
    '{\"DocNum\":19,\"DocEntry\":26,\"Requirements_id\":6,\"Requirements_value\":\"a\",\"LineID\":1,\"void\":1}',
    '1 - Sanji, Black Leg',
    '2025-10-21 17:45:26'
  );
INSERT INTO
  `audit_log` (
    `id`,
    `table_name`,
    `record_id`,
    `action_type`,
    `old_data`,
    `new_data`,
    `user_name`,
    `created_at`
  )
VALUES
  (
    332,
    'projects_data_c_table',
    '27',
    'INSERT',
    NULL,
    NULL,
    '1 - Sanji, Black Leg',
    '2025-10-21 17:45:26'
  );
INSERT INTO
  `audit_log` (
    `id`,
    `table_name`,
    `record_id`,
    `action_type`,
    `old_data`,
    `new_data`,
    `user_name`,
    `created_at`
  )
VALUES
  (
    333,
    'projects_data_b_lines',
    '27',
    'INSERT',
    NULL,
    NULL,
    '1 - Sanji, Black Leg',
    '2025-10-21 17:45:27'
  );
INSERT INTO
  `audit_log` (
    `id`,
    `table_name`,
    `record_id`,
    `action_type`,
    `old_data`,
    `new_data`,
    `user_name`,
    `created_at`
  )
VALUES
  (
    334,
    'approvals_decisions',
    '3',
    'INSERT',
    NULL,
    NULL,
    '1 - Sanji, Black Leg',
    '2025-10-21 17:45:27'
  );
INSERT INTO
  `audit_log` (
    `id`,
    `table_name`,
    `record_id`,
    `action_type`,
    `old_data`,
    `new_data`,
    `user_name`,
    `created_at`
  )
VALUES
  (
    335,
    'approvals_decisions',
    '3',
    'UPDATE',
    NULL,
    NULL,
    '1 - Sanji, Black Leg',
    '2025-10-21 17:45:33'
  );
INSERT INTO
  `audit_log` (
    `id`,
    `table_name`,
    `record_id`,
    `action_type`,
    `old_data`,
    `new_data`,
    `user_name`,
    `created_at`
  )
VALUES
  (
    336,
    'user_notifications',
    '7',
    'INSERT',
    NULL,
    '{\"DocEntry\":7,\"created_by\":1,\"notif_to_id\":1,\"title\":\"General Intake\",\"msg\":\"General Intake Approved\",\"createdTimeStamp\":\"2025-10-21T09:45:33.000Z\",\"isRead\":0,\"void\":1}',
    '1 - Sanji, Black Leg',
    '2025-10-21 17:45:33'
  );
INSERT INTO
  `audit_log` (
    `id`,
    `table_name`,
    `record_id`,
    `action_type`,
    `old_data`,
    `new_data`,
    `user_name`,
    `created_at`
  )
VALUES
  (
    337,
    'projects_data_a_header',
    '9',
    'INSERT',
    NULL,
    '{\"DocEntry\":9,\"CreatedBy\":24,\"ProjectID\":30,\"createdDate\":\"2025-10-21T15:48:20.000Z\",\"canceled\":1,\"void\":0}',
    '24 - Robin, MsSunday',
    '2025-10-21 23:48:20'
  );
INSERT INTO
  `audit_log` (
    `id`,
    `table_name`,
    `record_id`,
    `action_type`,
    `old_data`,
    `new_data`,
    `user_name`,
    `created_at`
  )
VALUES
  (
    338,
    'projects_data_b_lines',
    '28',
    'INSERT',
    NULL,
    NULL,
    '24 - Robin, MsSunday',
    '2025-10-21 23:48:21'
  );
INSERT INTO
  `audit_log` (
    `id`,
    `table_name`,
    `record_id`,
    `action_type`,
    `old_data`,
    `new_data`,
    `user_name`,
    `created_at`
  )
VALUES
  (
    339,
    'approvals_decisions',
    '5',
    'INSERT',
    NULL,
    NULL,
    '24 - Robin, MsSunday',
    '2025-10-21 23:48:21'
  );
INSERT INTO
  `audit_log` (
    `id`,
    `table_name`,
    `record_id`,
    `action_type`,
    `old_data`,
    `new_data`,
    `user_name`,
    `created_at`
  )
VALUES
  (
    340,
    'approvals_decisions',
    '5',
    'UPDATE',
    NULL,
    NULL,
    '1 - Sanji, Black Leg',
    '2025-10-21 23:48:42'
  );
INSERT INTO
  `audit_log` (
    `id`,
    `table_name`,
    `record_id`,
    `action_type`,
    `old_data`,
    `new_data`,
    `user_name`,
    `created_at`
  )
VALUES
  (
    341,
    'user_notifications',
    '8',
    'INSERT',
    NULL,
    '{\"DocEntry\":8,\"created_by\":1,\"notif_to_id\":24,\"title\":\"Fun request Approval\",\"msg\":\"Fun request Approval Approved\",\"createdTimeStamp\":\"2025-10-21T15:48:42.000Z\",\"isRead\":0,\"void\":1}',
    '1 - Sanji, Black Leg',
    '2025-10-21 23:48:42'
  );
INSERT INTO
  `audit_log` (
    `id`,
    `table_name`,
    `record_id`,
    `action_type`,
    `old_data`,
    `new_data`,
    `user_name`,
    `created_at`
  )
VALUES
  (
    342,
    'bookings',
    '59',
    'INSERT',
    NULL,
    '{\"DocEntry\":59,\"projects_data_a_header_entry\":9,\"Title\":0,\"bookingDate\":\"2025-10-21T16:00:00.000Z\",\"CreatedBy\":1,\"CreatedDate\":\"2025-10-21T15:48:53.000Z\",\"UpdatedDate\":null,\"void\":1}',
    '1 - Sanji, Black Leg',
    '2025-10-21 23:48:53'
  );
INSERT INTO
  `audit_log` (
    `id`,
    `table_name`,
    `record_id`,
    `action_type`,
    `old_data`,
    `new_data`,
    `user_name`,
    `created_at`
  )
VALUES
  (
    343,
    'user_notifications',
    '9',
    'INSERT',
    NULL,
    '{\"DocEntry\":9,\"created_by\":1,\"notif_to_id\":24,\"title\":\"Booking of Fund Request\",\"msg\":\"Fund Request  We are inviting you for an interview at 2025-10-22 please bring essential documents\",\"createdTimeStamp\":\"2025-10-21T15:48:53.000Z\",\"isRead\":0,\"void\":1}',
    '1 - Sanji, Black Leg',
    '2025-10-21 23:48:53'
  );
INSERT INTO
  `audit_log` (
    `id`,
    `table_name`,
    `record_id`,
    `action_type`,
    `old_data`,
    `new_data`,
    `user_name`,
    `created_at`
  )
VALUES
  (
    344,
    'evaluation',
    '17',
    'INSERT',
    NULL,
    '{\"DocEntry\":17,\"bookingid\":\"59\",\"type_of_house\":\"Concrete\",\"other_source_of_income\":\"Friends\",\"occupation\":\"Farmers\",\"monthly_income\":\"1,000-3,000\",\"number_of_meals\":\"Once a day\",\"source_of_water_per_month\":\"Deepwell\",\"source_of_fuel_per_month\":\"Firewood\",\"source_of_light_per_month\":\"Lamp\",\"house_and_lot\":\"Owned house & lot\",\"appliances\":\"TV\",\"economic_condition\":\"Income is sufficient to meet/provide all family basic needs\",\"expenditures_vs_income_analysis\":\"Total monthly family expenditures is equal to the monthly family income\",\"evaluation_recommendation\":\"Indigent\",\"problem_presented\":\"probs 1\",\"economic_and_family_background\":\"eco\",\"assessment\":\"assesments daw ni\",\"recommendation\":\"recommendation daw ni tapos need siya og 20,000.00\",\"CreatedDate\":\"2025-10-21T15:49:49.000Z\",\"void\":\"1\"}',
    '1 - Sanji, Black Leg',
    '2025-10-21 23:49:49'
  );
INSERT INTO
  `audit_log` (
    `id`,
    `table_name`,
    `record_id`,
    `action_type`,
    `old_data`,
    `new_data`,
    `user_name`,
    `created_at`
  )
VALUES
  (
    345,
    'user_notifications',
    '7',
    'UPDATE',
    '{\"DocEntry\":7,\"created_by\":1,\"notif_to_id\":1,\"title\":\"General Intake\",\"msg\":\"General Intake Approved\",\"createdTimeStamp\":\"2025-10-21T09:45:33.000Z\",\"isRead\":0,\"void\":1}',
    '{\"DocEntry\":7,\"created_by\":1,\"notif_to_id\":1,\"title\":\"General Intake\",\"msg\":\"General Intake Approved\",\"createdTimeStamp\":\"2025-10-21T09:45:33.000Z\",\"isRead\":1,\"void\":1}',
    '1 - Sanji, Black Leg',
    '2025-10-22 16:13:32'
  );
INSERT INTO
  `audit_log` (
    `id`,
    `table_name`,
    `record_id`,
    `action_type`,
    `old_data`,
    `new_data`,
    `user_name`,
    `created_at`
  )
VALUES
  (
    346,
    'user_notifications',
    '6',
    'UPDATE',
    '{\"DocEntry\":6,\"created_by\":1,\"notif_to_id\":1,\"title\":\"General Intake\",\"msg\":\"General Intake Approved\",\"createdTimeStamp\":\"2025-10-21T09:36:11.000Z\",\"isRead\":0,\"void\":1}',
    '{\"DocEntry\":6,\"created_by\":1,\"notif_to_id\":1,\"title\":\"General Intake\",\"msg\":\"General Intake Approved\",\"createdTimeStamp\":\"2025-10-21T09:36:11.000Z\",\"isRead\":1,\"void\":1}',
    '1 - Sanji, Black Leg',
    '2025-10-22 16:13:34'
  );
INSERT INTO
  `audit_log` (
    `id`,
    `table_name`,
    `record_id`,
    `action_type`,
    `old_data`,
    `new_data`,
    `user_name`,
    `created_at`
  )
VALUES
  (
    347,
    'ousr',
    '25',
    'INSERT',
    NULL,
    '{\"DocEntry\":25,\"email\":\"z@g.com\",\"FirstName\":\"zoro\",\"LastName\":\"Roronoa\",\"MiddleName\":\"D\",\"pass\":\"test\",\"type\":3,\"user\":\"r\",\"barangay\":\"\",\"void\":0}',
    'system',
    '2025-10-22 17:02:12'
  );
INSERT INTO
  `audit_log` (
    `id`,
    `table_name`,
    `record_id`,
    `action_type`,
    `old_data`,
    `new_data`,
    `user_name`,
    `created_at`
  )
VALUES
  (
    348,
    'approvals_decisions',
    '6',
    'INSERT',
    NULL,
    NULL,
    '1 - Sanji, Black Leg',
    '2025-10-22 17:02:12'
  );
INSERT INTO
  `audit_log` (
    `id`,
    `table_name`,
    `record_id`,
    `action_type`,
    `old_data`,
    `new_data`,
    `user_name`,
    `created_at`
  )
VALUES
  (
    349,
    'approvals_decisions',
    '6',
    'UPDATE',
    NULL,
    NULL,
    '1 - Sanji, Black Leg',
    '2025-10-22 17:02:31'
  );
INSERT INTO
  `audit_log` (
    `id`,
    `table_name`,
    `record_id`,
    `action_type`,
    `old_data`,
    `new_data`,
    `user_name`,
    `created_at`
  )
VALUES
  (
    350,
    'approvals_decisions',
    '6',
    'UPDATE',
    NULL,
    NULL,
    '1 - Sanji, Black Leg',
    '2025-10-22 17:03:45'
  );
INSERT INTO
  `audit_log` (
    `id`,
    `table_name`,
    `record_id`,
    `action_type`,
    `old_data`,
    `new_data`,
    `user_name`,
    `created_at`
  )
VALUES
  (
    351,
    'approvals_decisions',
    '6',
    'UPDATE',
    NULL,
    NULL,
    '1 - Sanji, Black Leg',
    '2025-10-22 17:05:08'
  );
INSERT INTO
  `audit_log` (
    `id`,
    `table_name`,
    `record_id`,
    `action_type`,
    `old_data`,
    `new_data`,
    `user_name`,
    `created_at`
  )
VALUES
  (
    352,
    'ousr',
    '25',
    'UPDATE',
    '{\"DocEntry\":25,\"email\":\"z@g.com\",\"FirstName\":\"zoro\",\"LastName\":\"Roronoa\",\"MiddleName\":\"D\",\"pass\":\"test\",\"type\":3,\"user\":\"r\",\"barangay\":\"\",\"void\":0}',
    '{\"DocEntry\":25,\"email\":\"z@g.com\",\"FirstName\":\"zoro\",\"LastName\":\"Roronoa\",\"MiddleName\":\"D\",\"pass\":\"test\",\"type\":3,\"user\":\"r\",\"barangay\":\"\",\"void\":1}',
    '1 - Sanji, Black Leg',
    '2025-10-22 17:05:08'
  );
INSERT INTO
  `audit_log` (
    `id`,
    `table_name`,
    `record_id`,
    `action_type`,
    `old_data`,
    `new_data`,
    `user_name`,
    `created_at`
  )
VALUES
  (
    353,
    'approvals_decisions',
    '6',
    'UPDATE',
    NULL,
    NULL,
    '1 - Sanji, Black Leg',
    '2025-10-22 17:05:51'
  );
INSERT INTO
  `audit_log` (
    `id`,
    `table_name`,
    `record_id`,
    `action_type`,
    `old_data`,
    `new_data`,
    `user_name`,
    `created_at`
  )
VALUES
  (
    354,
    'ousr',
    '25',
    'UPDATE',
    '{\"DocEntry\":25,\"email\":\"z@g.com\",\"FirstName\":\"zoro\",\"LastName\":\"Roronoa\",\"MiddleName\":\"D\",\"pass\":\"test\",\"type\":3,\"user\":\"r\",\"barangay\":\"\",\"void\":1}',
    '{\"DocEntry\":25,\"email\":\"z@g.com\",\"FirstName\":\"zoro\",\"LastName\":\"Roronoa\",\"MiddleName\":\"D\",\"pass\":\"test\",\"type\":3,\"user\":\"r\",\"barangay\":\"\",\"void\":1}',
    '1 - Sanji, Black Leg',
    '2025-10-22 17:05:51'
  );
INSERT INTO
  `audit_log` (
    `id`,
    `table_name`,
    `record_id`,
    `action_type`,
    `old_data`,
    `new_data`,
    `user_name`,
    `created_at`
  )
VALUES
  (
    355,
    'projects_data_a_header',
    '10',
    'INSERT',
    NULL,
    '{\"DocEntry\":10,\"CreatedBy\":25,\"ProjectID\":24,\"createdDate\":\"2025-10-22T09:21:37.000Z\",\"canceled\":1,\"void\":0}',
    '25 - zoro, Roronoa',
    '2025-10-22 17:21:37'
  );
INSERT INTO
  `audit_log` (
    `id`,
    `table_name`,
    `record_id`,
    `action_type`,
    `old_data`,
    `new_data`,
    `user_name`,
    `created_at`
  )
VALUES
  (
    356,
    'projects_data_b_lines',
    '29',
    'INSERT',
    NULL,
    NULL,
    '25 - zoro, Roronoa',
    '2025-10-22 17:21:37'
  );
INSERT INTO
  `audit_log` (
    `id`,
    `table_name`,
    `record_id`,
    `action_type`,
    `old_data`,
    `new_data`,
    `user_name`,
    `created_at`
  )
VALUES
  (
    357,
    'projects_data_b_lines',
    '30',
    'INSERT',
    NULL,
    NULL,
    '25 - zoro, Roronoa',
    '2025-10-22 17:21:37'
  );
INSERT INTO
  `audit_log` (
    `id`,
    `table_name`,
    `record_id`,
    `action_type`,
    `old_data`,
    `new_data`,
    `user_name`,
    `created_at`
  )
VALUES
  (
    358,
    'projects_data_b_lines',
    '31',
    'INSERT',
    NULL,
    NULL,
    '25 - zoro, Roronoa',
    '2025-10-22 17:21:38'
  );
INSERT INTO
  `audit_log` (
    `id`,
    `table_name`,
    `record_id`,
    `action_type`,
    `old_data`,
    `new_data`,
    `user_name`,
    `created_at`
  )
VALUES
  (
    359,
    'projects_data_b_lines',
    '32',
    'INSERT',
    NULL,
    NULL,
    '25 - zoro, Roronoa',
    '2025-10-22 17:21:38'
  );
INSERT INTO
  `audit_log` (
    `id`,
    `table_name`,
    `record_id`,
    `action_type`,
    `old_data`,
    `new_data`,
    `user_name`,
    `created_at`
  )
VALUES
  (
    360,
    'projects_data_b_lines',
    '33',
    'INSERT',
    NULL,
    NULL,
    '25 - zoro, Roronoa',
    '2025-10-22 17:21:38'
  );
INSERT INTO
  `audit_log` (
    `id`,
    `table_name`,
    `record_id`,
    `action_type`,
    `old_data`,
    `new_data`,
    `user_name`,
    `created_at`
  )
VALUES
  (
    361,
    'projects_data_b_lines',
    '34',
    'INSERT',
    NULL,
    NULL,
    '25 - zoro, Roronoa',
    '2025-10-22 17:21:38'
  );
INSERT INTO
  `audit_log` (
    `id`,
    `table_name`,
    `record_id`,
    `action_type`,
    `old_data`,
    `new_data`,
    `user_name`,
    `created_at`
  )
VALUES
  (
    362,
    'projects_data_b_lines',
    '35',
    'INSERT',
    NULL,
    NULL,
    '25 - zoro, Roronoa',
    '2025-10-22 17:21:38'
  );
INSERT INTO
  `audit_log` (
    `id`,
    `table_name`,
    `record_id`,
    `action_type`,
    `old_data`,
    `new_data`,
    `user_name`,
    `created_at`
  )
VALUES
  (
    363,
    'projects_data_b_lines',
    '36',
    'INSERT',
    NULL,
    NULL,
    '25 - zoro, Roronoa',
    '2025-10-22 17:21:38'
  );
INSERT INTO
  `audit_log` (
    `id`,
    `table_name`,
    `record_id`,
    `action_type`,
    `old_data`,
    `new_data`,
    `user_name`,
    `created_at`
  )
VALUES
  (
    364,
    'projects_data_b_lines',
    '37',
    'INSERT',
    NULL,
    NULL,
    '25 - zoro, Roronoa',
    '2025-10-22 17:21:38'
  );
INSERT INTO
  `audit_log` (
    `id`,
    `table_name`,
    `record_id`,
    `action_type`,
    `old_data`,
    `new_data`,
    `user_name`,
    `created_at`
  )
VALUES
  (
    365,
    'projects_data_b_lines',
    '38',
    'INSERT',
    NULL,
    NULL,
    '25 - zoro, Roronoa',
    '2025-10-22 17:21:38'
  );
INSERT INTO
  `audit_log` (
    `id`,
    `table_name`,
    `record_id`,
    `action_type`,
    `old_data`,
    `new_data`,
    `user_name`,
    `created_at`
  )
VALUES
  (
    366,
    'projects_data_b_lines',
    '39',
    'INSERT',
    NULL,
    NULL,
    '25 - zoro, Roronoa',
    '2025-10-22 17:21:39'
  );
INSERT INTO
  `audit_log` (
    `id`,
    `table_name`,
    `record_id`,
    `action_type`,
    `old_data`,
    `new_data`,
    `user_name`,
    `created_at`
  )
VALUES
  (
    367,
    'projects_data_b_lines',
    '40',
    'INSERT',
    NULL,
    NULL,
    '25 - zoro, Roronoa',
    '2025-10-22 17:21:39'
  );
INSERT INTO
  `audit_log` (
    `id`,
    `table_name`,
    `record_id`,
    `action_type`,
    `old_data`,
    `new_data`,
    `user_name`,
    `created_at`
  )
VALUES
  (
    368,
    'projects_data_c_table',
    '28',
    'INSERT',
    NULL,
    NULL,
    '25 - zoro, Roronoa',
    '2025-10-22 17:21:39'
  );
INSERT INTO
  `audit_log` (
    `id`,
    `table_name`,
    `record_id`,
    `action_type`,
    `old_data`,
    `new_data`,
    `user_name`,
    `created_at`
  )
VALUES
  (
    369,
    'projects_data_c_table',
    '29',
    'INSERT',
    NULL,
    NULL,
    '25 - zoro, Roronoa',
    '2025-10-22 17:21:39'
  );
INSERT INTO
  `audit_log` (
    `id`,
    `table_name`,
    `record_id`,
    `action_type`,
    `old_data`,
    `new_data`,
    `user_name`,
    `created_at`
  )
VALUES
  (
    370,
    'projects_data_c_table',
    '30',
    'INSERT',
    NULL,
    NULL,
    '25 - zoro, Roronoa',
    '2025-10-22 17:21:39'
  );
INSERT INTO
  `audit_log` (
    `id`,
    `table_name`,
    `record_id`,
    `action_type`,
    `old_data`,
    `new_data`,
    `user_name`,
    `created_at`
  )
VALUES
  (
    371,
    'projects_data_c_table',
    '31',
    'INSERT',
    NULL,
    NULL,
    '25 - zoro, Roronoa',
    '2025-10-22 17:21:39'
  );
INSERT INTO
  `audit_log` (
    `id`,
    `table_name`,
    `record_id`,
    `action_type`,
    `old_data`,
    `new_data`,
    `user_name`,
    `created_at`
  )
VALUES
  (
    372,
    'projects_data_c_table',
    '32',
    'INSERT',
    NULL,
    NULL,
    '25 - zoro, Roronoa',
    '2025-10-22 17:21:40'
  );
INSERT INTO
  `audit_log` (
    `id`,
    `table_name`,
    `record_id`,
    `action_type`,
    `old_data`,
    `new_data`,
    `user_name`,
    `created_at`
  )
VALUES
  (
    373,
    'projects_data_c_table',
    '33',
    'INSERT',
    NULL,
    NULL,
    '25 - zoro, Roronoa',
    '2025-10-22 17:21:40'
  );
INSERT INTO
  `audit_log` (
    `id`,
    `table_name`,
    `record_id`,
    `action_type`,
    `old_data`,
    `new_data`,
    `user_name`,
    `created_at`
  )
VALUES
  (
    374,
    'projects_data_c_table',
    '34',
    'INSERT',
    NULL,
    NULL,
    '25 - zoro, Roronoa',
    '2025-10-22 17:21:40'
  );
INSERT INTO
  `audit_log` (
    `id`,
    `table_name`,
    `record_id`,
    `action_type`,
    `old_data`,
    `new_data`,
    `user_name`,
    `created_at`
  )
VALUES
  (
    375,
    'projects_data_c_table',
    '35',
    'INSERT',
    NULL,
    NULL,
    '25 - zoro, Roronoa',
    '2025-10-22 17:21:40'
  );
INSERT INTO
  `audit_log` (
    `id`,
    `table_name`,
    `record_id`,
    `action_type`,
    `old_data`,
    `new_data`,
    `user_name`,
    `created_at`
  )
VALUES
  (
    376,
    'projects_data_c_table',
    '36',
    'INSERT',
    NULL,
    NULL,
    '25 - zoro, Roronoa',
    '2025-10-22 17:21:40'
  );
INSERT INTO
  `audit_log` (
    `id`,
    `table_name`,
    `record_id`,
    `action_type`,
    `old_data`,
    `new_data`,
    `user_name`,
    `created_at`
  )
VALUES
  (
    377,
    'projects_data_b_lines',
    '41',
    'INSERT',
    NULL,
    NULL,
    '25 - zoro, Roronoa',
    '2025-10-22 17:21:40'
  );
INSERT INTO
  `audit_log` (
    `id`,
    `table_name`,
    `record_id`,
    `action_type`,
    `old_data`,
    `new_data`,
    `user_name`,
    `created_at`
  )
VALUES
  (
    378,
    'approvals_decisions',
    '7',
    'INSERT',
    NULL,
    '{\"DocNum\":1,\"ApprovalApproverID\":1,\"ApprovalID\":1,\"CreatedDate\":\"2025-10-21T09:41:21.000Z\",\"decision\":1,\"DocEntry\":7,\"void\":1}',
    '25 - zoro, Roronoa',
    '2025-10-22 17:21:40'
  );
INSERT INTO
  `audit_log` (
    `id`,
    `table_name`,
    `record_id`,
    `action_type`,
    `old_data`,
    `new_data`,
    `user_name`,
    `created_at`
  )
VALUES
  (
    379,
    'approvals_decisions',
    '7',
    'UPDATE',
    '{\"DocNum\":1,\"ApprovalApproverID\":1,\"ApprovalID\":1,\"CreatedDate\":\"2025-10-21T09:41:21.000Z\",\"decision\":1,\"DocEntry\":7,\"void\":1}',
    '{\"DocNum\":1,\"ApprovalApproverID\":1,\"ApprovalID\":1,\"CreatedDate\":\"2025-10-21T09:41:21.000Z\",\"decision\":1,\"DocEntry\":7,\"void\":1}',
    '1 - Sanji, Black Leg',
    '2025-10-22 17:21:57'
  );
INSERT INTO
  `audit_log` (
    `id`,
    `table_name`,
    `record_id`,
    `action_type`,
    `old_data`,
    `new_data`,
    `user_name`,
    `created_at`
  )
VALUES
  (
    380,
    'user_notifications',
    '10',
    'INSERT',
    NULL,
    '{\"DocEntry\":10,\"created_by\":1,\"notif_to_id\":25,\"title\":\"General Intake\",\"msg\":\"General Intake Approved\",\"createdTimeStamp\":\"2025-10-22T09:21:57.000Z\",\"isRead\":0,\"void\":1}',
    '1 - Sanji, Black Leg',
    '2025-10-22 17:21:57'
  );
INSERT INTO
  `audit_log` (
    `id`,
    `table_name`,
    `record_id`,
    `action_type`,
    `old_data`,
    `new_data`,
    `user_name`,
    `created_at`
  )
VALUES
  (
    381,
    'user_notifications',
    '10',
    'UPDATE',
    '{\"DocEntry\":10,\"created_by\":1,\"notif_to_id\":25,\"title\":\"General Intake\",\"msg\":\"General Intake Approved\",\"createdTimeStamp\":\"2025-10-22T09:21:57.000Z\",\"isRead\":0,\"void\":1}',
    '{\"DocEntry\":10,\"created_by\":1,\"notif_to_id\":25,\"title\":\"General Intake\",\"msg\":\"General Intake Approved\",\"createdTimeStamp\":\"2025-10-22T09:21:57.000Z\",\"isRead\":1,\"void\":1}',
    '25 - zoro, Roronoa',
    '2025-10-22 17:22:18'
  );
INSERT INTO
  `audit_log` (
    `id`,
    `table_name`,
    `record_id`,
    `action_type`,
    `old_data`,
    `new_data`,
    `user_name`,
    `created_at`
  )
VALUES
  (
    382,
    'projects_data_a_header',
    '11',
    'INSERT',
    NULL,
    '{\"DocEntry\":11,\"CreatedBy\":25,\"ProjectID\":30,\"createdDate\":\"2025-10-22T09:22:33.000Z\",\"canceled\":1,\"void\":0}',
    '25 - zoro, Roronoa',
    '2025-10-22 17:22:33'
  );
INSERT INTO
  `audit_log` (
    `id`,
    `table_name`,
    `record_id`,
    `action_type`,
    `old_data`,
    `new_data`,
    `user_name`,
    `created_at`
  )
VALUES
  (
    383,
    'projects_data_b_lines',
    '42',
    'INSERT',
    NULL,
    NULL,
    '25 - zoro, Roronoa',
    '2025-10-22 17:22:33'
  );
INSERT INTO
  `audit_log` (
    `id`,
    `table_name`,
    `record_id`,
    `action_type`,
    `old_data`,
    `new_data`,
    `user_name`,
    `created_at`
  )
VALUES
  (
    384,
    'approvals_decisions',
    '8',
    'INSERT',
    NULL,
    '{\"DocNum\":3,\"ApprovalApproverID\":1,\"ApprovalID\":1,\"CreatedDate\":\"2025-10-21T09:45:27.000Z\",\"decision\":1,\"DocEntry\":8,\"void\":1}',
    '25 - zoro, Roronoa',
    '2025-10-22 17:22:33'
  );
INSERT INTO
  `audit_log` (
    `id`,
    `table_name`,
    `record_id`,
    `action_type`,
    `old_data`,
    `new_data`,
    `user_name`,
    `created_at`
  )
VALUES
  (
    385,
    'approvals_decisions',
    '8',
    'UPDATE',
    '{\"DocNum\":3,\"ApprovalApproverID\":1,\"ApprovalID\":1,\"CreatedDate\":\"2025-10-21T09:45:27.000Z\",\"decision\":1,\"DocEntry\":8,\"void\":1}',
    '{\"DocNum\":3,\"ApprovalApproverID\":1,\"ApprovalID\":1,\"CreatedDate\":\"2025-10-21T09:45:27.000Z\",\"decision\":1,\"DocEntry\":8,\"void\":1}',
    '1 - Sanji, Black Leg',
    '2025-10-22 17:23:08'
  );
INSERT INTO
  `audit_log` (
    `id`,
    `table_name`,
    `record_id`,
    `action_type`,
    `old_data`,
    `new_data`,
    `user_name`,
    `created_at`
  )
VALUES
  (
    386,
    'user_notifications',
    '11',
    'INSERT',
    NULL,
    '{\"DocEntry\":11,\"created_by\":1,\"notif_to_id\":25,\"title\":\"Fun request Approval\",\"msg\":\"Fun request Approval Rejected\",\"createdTimeStamp\":\"2025-10-22T09:23:08.000Z\",\"isRead\":0,\"void\":1}',
    '1 - Sanji, Black Leg',
    '2025-10-22 17:23:08'
  );
INSERT INTO
  `audit_log` (
    `id`,
    `table_name`,
    `record_id`,
    `action_type`,
    `old_data`,
    `new_data`,
    `user_name`,
    `created_at`
  )
VALUES
  (
    387,
    'user_notifications',
    '11',
    'UPDATE',
    '{\"DocEntry\":11,\"created_by\":1,\"notif_to_id\":25,\"title\":\"Fun request Approval\",\"msg\":\"Fun request Approval Rejected\",\"createdTimeStamp\":\"2025-10-22T09:23:08.000Z\",\"isRead\":0,\"void\":1}',
    '{\"DocEntry\":11,\"created_by\":1,\"notif_to_id\":25,\"title\":\"Fun request Approval\",\"msg\":\"Fun request Approval Rejected\",\"createdTimeStamp\":\"2025-10-22T09:23:08.000Z\",\"isRead\":1,\"void\":1}',
    '25 - zoro, Roronoa',
    '2025-10-22 17:23:24'
  );
INSERT INTO
  `audit_log` (
    `id`,
    `table_name`,
    `record_id`,
    `action_type`,
    `old_data`,
    `new_data`,
    `user_name`,
    `created_at`
  )
VALUES
  (
    388,
    'projects_data_a_header',
    '12',
    'INSERT',
    NULL,
    '{\"DocEntry\":12,\"CreatedBy\":25,\"ProjectID\":30,\"createdDate\":\"2025-10-22T09:23:32.000Z\",\"canceled\":1,\"void\":0}',
    '25 - zoro, Roronoa',
    '2025-10-22 17:23:32'
  );
INSERT INTO
  `audit_log` (
    `id`,
    `table_name`,
    `record_id`,
    `action_type`,
    `old_data`,
    `new_data`,
    `user_name`,
    `created_at`
  )
VALUES
  (
    389,
    'projects_data_b_lines',
    '43',
    'INSERT',
    NULL,
    NULL,
    '25 - zoro, Roronoa',
    '2025-10-22 17:23:32'
  );
INSERT INTO
  `audit_log` (
    `id`,
    `table_name`,
    `record_id`,
    `action_type`,
    `old_data`,
    `new_data`,
    `user_name`,
    `created_at`
  )
VALUES
  (
    390,
    'approvals_decisions',
    '9',
    'INSERT',
    NULL,
    '{\"DocNum\":5,\"ApprovalApproverID\":1,\"ApprovalID\":3,\"CreatedDate\":\"2025-10-21T15:48:21.000Z\",\"decision\":1,\"DocEntry\":9,\"void\":1}',
    '25 - zoro, Roronoa',
    '2025-10-22 17:23:32'
  );
INSERT INTO
  `audit_log` (
    `id`,
    `table_name`,
    `record_id`,
    `action_type`,
    `old_data`,
    `new_data`,
    `user_name`,
    `created_at`
  )
VALUES
  (
    391,
    'projects_data_a_header',
    '13',
    'INSERT',
    NULL,
    '{\"DocEntry\":13,\"CreatedBy\":25,\"ProjectID\":30,\"createdDate\":\"2025-10-22T09:27:37.000Z\",\"canceled\":1,\"void\":0}',
    '25 - zoro, Roronoa',
    '2025-10-22 17:27:37'
  );
INSERT INTO
  `audit_log` (
    `id`,
    `table_name`,
    `record_id`,
    `action_type`,
    `old_data`,
    `new_data`,
    `user_name`,
    `created_at`
  )
VALUES
  (
    392,
    'projects_data_b_lines',
    '44',
    'INSERT',
    NULL,
    NULL,
    '25 - zoro, Roronoa',
    '2025-10-22 17:27:38'
  );
INSERT INTO
  `audit_log` (
    `id`,
    `table_name`,
    `record_id`,
    `action_type`,
    `old_data`,
    `new_data`,
    `user_name`,
    `created_at`
  )
VALUES
  (
    393,
    'approvals_decisions',
    '10',
    'INSERT',
    NULL,
    '{\"DocNum\":7,\"ApprovalApproverID\":1,\"ApprovalID\":1,\"CreatedDate\":\"2025-10-22T09:21:40.000Z\",\"decision\":1,\"DocEntry\":10,\"void\":1}',
    '25 - zoro, Roronoa',
    '2025-10-22 17:27:38'
  );
INSERT INTO
  `audit_log` (
    `id`,
    `table_name`,
    `record_id`,
    `action_type`,
    `old_data`,
    `new_data`,
    `user_name`,
    `created_at`
  )
VALUES
  (
    394,
    'user_notifications',
    '12',
    'INSERT',
    NULL,
    '{\"DocEntry\":12,\"created_by\":25,\"notif_to_id\":25,\"title\":\"Fund Request Request\",\"msg\":\"You have successfully requested Fund Request\",\"createdTimeStamp\":\"2025-10-22T09:27:38.000Z\",\"isRead\":0,\"void\":1}',
    '25 - zoro, Roronoa',
    '2025-10-22 17:27:38'
  );
INSERT INTO
  `audit_log` (
    `id`,
    `table_name`,
    `record_id`,
    `action_type`,
    `old_data`,
    `new_data`,
    `user_name`,
    `created_at`
  )
VALUES
  (
    395,
    'user_notifications',
    '12',
    'UPDATE',
    '{\"DocEntry\":12,\"created_by\":25,\"notif_to_id\":25,\"title\":\"Fund Request Request\",\"msg\":\"You have successfully requested Fund Request\",\"createdTimeStamp\":\"2025-10-22T09:27:38.000Z\",\"isRead\":0,\"void\":1}',
    '{\"DocEntry\":12,\"created_by\":25,\"notif_to_id\":25,\"title\":\"Fund Request Request\",\"msg\":\"You have successfully requested Fund Request\",\"createdTimeStamp\":\"2025-10-22T09:27:38.000Z\",\"isRead\":1,\"void\":1}',
    '25 - zoro, Roronoa',
    '2025-10-22 17:27:46'
  );
INSERT INTO
  `audit_log` (
    `id`,
    `table_name`,
    `record_id`,
    `action_type`,
    `old_data`,
    `new_data`,
    `user_name`,
    `created_at`
  )
VALUES
  (
    396,
    'approvals_decisions',
    '9',
    'UPDATE',
    '{\"DocNum\":5,\"ApprovalApproverID\":1,\"ApprovalID\":3,\"CreatedDate\":\"2025-10-21T15:48:21.000Z\",\"decision\":1,\"DocEntry\":9,\"void\":1}',
    '{\"DocNum\":5,\"ApprovalApproverID\":1,\"ApprovalID\":3,\"CreatedDate\":\"2025-10-21T15:48:21.000Z\",\"decision\":1,\"DocEntry\":9,\"void\":1}',
    '1 - Sanji, Black Leg',
    '2025-10-22 17:28:22'
  );
INSERT INTO
  `audit_log` (
    `id`,
    `table_name`,
    `record_id`,
    `action_type`,
    `old_data`,
    `new_data`,
    `user_name`,
    `created_at`
  )
VALUES
  (
    397,
    'user_notifications',
    '13',
    'INSERT',
    NULL,
    '{\"DocEntry\":13,\"created_by\":1,\"notif_to_id\":25,\"title\":\"Fun request Approval\",\"msg\":\"Fun request Approval Rejected\",\"createdTimeStamp\":\"2025-10-22T09:28:23.000Z\",\"isRead\":0,\"void\":1}',
    '1 - Sanji, Black Leg',
    '2025-10-22 17:28:23'
  );
INSERT INTO
  `audit_log` (
    `id`,
    `table_name`,
    `record_id`,
    `action_type`,
    `old_data`,
    `new_data`,
    `user_name`,
    `created_at`
  )
VALUES
  (
    398,
    'approvals_decisions',
    '10',
    'UPDATE',
    '{\"DocNum\":7,\"ApprovalApproverID\":1,\"ApprovalID\":1,\"CreatedDate\":\"2025-10-22T09:21:40.000Z\",\"decision\":1,\"DocEntry\":10,\"void\":1}',
    '{\"DocNum\":7,\"ApprovalApproverID\":1,\"ApprovalID\":1,\"CreatedDate\":\"2025-10-22T09:21:40.000Z\",\"decision\":1,\"DocEntry\":10,\"void\":1}',
    '1 - Sanji, Black Leg',
    '2025-10-22 17:28:25'
  );
INSERT INTO
  `audit_log` (
    `id`,
    `table_name`,
    `record_id`,
    `action_type`,
    `old_data`,
    `new_data`,
    `user_name`,
    `created_at`
  )
VALUES
  (
    399,
    'user_notifications',
    '14',
    'INSERT',
    NULL,
    '{\"DocEntry\":14,\"created_by\":1,\"notif_to_id\":25,\"title\":\"Fun request Approval\",\"msg\":\"Fun request Approval Approved\",\"createdTimeStamp\":\"2025-10-22T09:28:26.000Z\",\"isRead\":0,\"void\":1}',
    '1 - Sanji, Black Leg',
    '2025-10-22 17:28:26'
  );
INSERT INTO
  `audit_log` (
    `id`,
    `table_name`,
    `record_id`,
    `action_type`,
    `old_data`,
    `new_data`,
    `user_name`,
    `created_at`
  )
VALUES
  (
    400,
    'user_notifications',
    '13',
    'UPDATE',
    '{\"DocEntry\":13,\"created_by\":1,\"notif_to_id\":25,\"title\":\"Fun request Approval\",\"msg\":\"Fun request Approval Rejected\",\"createdTimeStamp\":\"2025-10-22T09:28:23.000Z\",\"isRead\":0,\"void\":1}',
    '{\"DocEntry\":13,\"created_by\":1,\"notif_to_id\":25,\"title\":\"Fun request Approval\",\"msg\":\"Fun request Approval Rejected\",\"createdTimeStamp\":\"2025-10-22T09:28:23.000Z\",\"isRead\":1,\"void\":1}',
    '25 - zoro, Roronoa',
    '2025-10-22 17:28:43'
  );
INSERT INTO
  `audit_log` (
    `id`,
    `table_name`,
    `record_id`,
    `action_type`,
    `old_data`,
    `new_data`,
    `user_name`,
    `created_at`
  )
VALUES
  (
    401,
    'user_notifications',
    '14',
    'UPDATE',
    '{\"DocEntry\":14,\"created_by\":1,\"notif_to_id\":25,\"title\":\"Fun request Approval\",\"msg\":\"Fun request Approval Approved\",\"createdTimeStamp\":\"2025-10-22T09:28:26.000Z\",\"isRead\":0,\"void\":1}',
    '{\"DocEntry\":14,\"created_by\":1,\"notif_to_id\":25,\"title\":\"Fun request Approval\",\"msg\":\"Fun request Approval Approved\",\"createdTimeStamp\":\"2025-10-22T09:28:26.000Z\",\"isRead\":1,\"void\":1}',
    '25 - zoro, Roronoa',
    '2025-10-22 17:28:45'
  );
INSERT INTO
  `audit_log` (
    `id`,
    `table_name`,
    `record_id`,
    `action_type`,
    `old_data`,
    `new_data`,
    `user_name`,
    `created_at`
  )
VALUES
  (
    402,
    'bookings',
    '60',
    'INSERT',
    NULL,
    '{\"DocEntry\":60,\"projects_data_a_header_entry\":13,\"Title\":0,\"bookingDate\":\"2025-10-21T16:00:00.000Z\",\"CreatedBy\":1,\"CreatedDate\":\"2025-10-22T09:34:36.000Z\",\"UpdatedDate\":null,\"void\":1}',
    '1 - Sanji, Black Leg',
    '2025-10-22 17:34:36'
  );
INSERT INTO
  `audit_log` (
    `id`,
    `table_name`,
    `record_id`,
    `action_type`,
    `old_data`,
    `new_data`,
    `user_name`,
    `created_at`
  )
VALUES
  (
    403,
    'user_notifications',
    '15',
    'INSERT',
    NULL,
    '{\"DocEntry\":15,\"created_by\":1,\"notif_to_id\":25,\"title\":\"Booking of Fund Request\",\"msg\":\"Fund Request  We are inviting you for an interview at 2025-10-22 please bring essential documents\",\"createdTimeStamp\":\"2025-10-22T09:34:36.000Z\",\"isRead\":0,\"void\":1}',
    '1 - Sanji, Black Leg',
    '2025-10-22 17:34:36'
  );
INSERT INTO
  `audit_log` (
    `id`,
    `table_name`,
    `record_id`,
    `action_type`,
    `old_data`,
    `new_data`,
    `user_name`,
    `created_at`
  )
VALUES
  (
    404,
    'bookings',
    '61',
    'INSERT',
    NULL,
    '{\"DocEntry\":61,\"projects_data_a_header_entry\":13,\"Title\":0,\"bookingDate\":\"2025-10-22T16:00:00.000Z\",\"CreatedBy\":1,\"CreatedDate\":\"2025-10-22T09:34:53.000Z\",\"UpdatedDate\":null,\"void\":1}',
    '1 - Sanji, Black Leg',
    '2025-10-22 17:34:53'
  );
INSERT INTO
  `audit_log` (
    `id`,
    `table_name`,
    `record_id`,
    `action_type`,
    `old_data`,
    `new_data`,
    `user_name`,
    `created_at`
  )
VALUES
  (
    405,
    'user_notifications',
    '16',
    'INSERT',
    NULL,
    '{\"DocEntry\":16,\"created_by\":1,\"notif_to_id\":25,\"title\":\"Booking of Fund Request\",\"msg\":\"Fund Request  We are inviting you for an interview at 2025-10-23 please bring essential documents\",\"createdTimeStamp\":\"2025-10-22T09:34:54.000Z\",\"isRead\":0,\"void\":1}',
    '1 - Sanji, Black Leg',
    '2025-10-22 17:34:54'
  );
INSERT INTO
  `audit_log` (
    `id`,
    `table_name`,
    `record_id`,
    `action_type`,
    `old_data`,
    `new_data`,
    `user_name`,
    `created_at`
  )
VALUES
  (
    406,
    'bookings',
    '62',
    'INSERT',
    NULL,
    '{\"DocEntry\":62,\"projects_data_a_header_entry\":13,\"Title\":0,\"bookingDate\":\"2025-10-23T16:00:00.000Z\",\"CreatedBy\":1,\"CreatedDate\":\"2025-10-22T09:35:07.000Z\",\"UpdatedDate\":null,\"void\":1}',
    '1 - Sanji, Black Leg',
    '2025-10-22 17:35:07'
  );
INSERT INTO
  `audit_log` (
    `id`,
    `table_name`,
    `record_id`,
    `action_type`,
    `old_data`,
    `new_data`,
    `user_name`,
    `created_at`
  )
VALUES
  (
    407,
    'user_notifications',
    '17',
    'INSERT',
    NULL,
    '{\"DocEntry\":17,\"created_by\":1,\"notif_to_id\":25,\"title\":\"Booking of Fund Request\",\"msg\":\"Fund Request  We are inviting you for an interview at 2025-10-24 please bring essential documents\",\"createdTimeStamp\":\"2025-10-22T09:35:07.000Z\",\"isRead\":0,\"void\":1}',
    '1 - Sanji, Black Leg',
    '2025-10-22 17:35:07'
  );
INSERT INTO
  `audit_log` (
    `id`,
    `table_name`,
    `record_id`,
    `action_type`,
    `old_data`,
    `new_data`,
    `user_name`,
    `created_at`
  )
VALUES
  (
    408,
    'bookings',
    '63',
    'INSERT',
    NULL,
    '{\"DocEntry\":63,\"projects_data_a_header_entry\":13,\"Title\":0,\"bookingDate\":\"2025-10-21T16:00:00.000Z\",\"CreatedBy\":1,\"CreatedDate\":\"2025-10-22T09:47:35.000Z\",\"UpdatedDate\":null,\"void\":1}',
    '1 - Sanji, Black Leg',
    '2025-10-22 17:47:35'
  );
INSERT INTO
  `audit_log` (
    `id`,
    `table_name`,
    `record_id`,
    `action_type`,
    `old_data`,
    `new_data`,
    `user_name`,
    `created_at`
  )
VALUES
  (
    409,
    'user_notifications',
    '18',
    'INSERT',
    NULL,
    '{\"DocEntry\":18,\"created_by\":1,\"notif_to_id\":25,\"title\":\"Booking of Fund Request\",\"msg\":\"Fund Request  We are inviting you for an interview at 2025-10-22 please bring essential documents\",\"createdTimeStamp\":\"2025-10-22T09:47:35.000Z\",\"isRead\":0,\"void\":1}',
    '1 - Sanji, Black Leg',
    '2025-10-22 17:47:35'
  );
INSERT INTO
  `audit_log` (
    `id`,
    `table_name`,
    `record_id`,
    `action_type`,
    `old_data`,
    `new_data`,
    `user_name`,
    `created_at`
  )
VALUES
  (
    410,
    'bookings',
    '64',
    'INSERT',
    NULL,
    '{\"DocEntry\":64,\"projects_data_a_header_entry\":13,\"Title\":0,\"bookingDate\":\"2025-10-22T16:00:00.000Z\",\"CreatedBy\":1,\"CreatedDate\":\"2025-10-22T09:47:52.000Z\",\"UpdatedDate\":null,\"void\":1}',
    '1 - Sanji, Black Leg',
    '2025-10-22 17:47:52'
  );
INSERT INTO
  `audit_log` (
    `id`,
    `table_name`,
    `record_id`,
    `action_type`,
    `old_data`,
    `new_data`,
    `user_name`,
    `created_at`
  )
VALUES
  (
    411,
    'user_notifications',
    '19',
    'INSERT',
    NULL,
    '{\"DocEntry\":19,\"created_by\":1,\"notif_to_id\":25,\"title\":\"Booking of Fund Request\",\"msg\":\"Fund Request  We are inviting you for an interview at 2025-10-23 please bring essential documents\",\"createdTimeStamp\":\"2025-10-22T09:47:52.000Z\",\"isRead\":0,\"void\":1}',
    '1 - Sanji, Black Leg',
    '2025-10-22 17:47:52'
  );
INSERT INTO
  `audit_log` (
    `id`,
    `table_name`,
    `record_id`,
    `action_type`,
    `old_data`,
    `new_data`,
    `user_name`,
    `created_at`
  )
VALUES
  (
    412,
    'bookings',
    '65',
    'INSERT',
    NULL,
    '{\"DocEntry\":65,\"projects_data_a_header_entry\":9,\"Title\":0,\"bookingDate\":\"2025-10-21T16:00:00.000Z\",\"CreatedBy\":1,\"CreatedDate\":\"2025-10-22T09:48:48.000Z\",\"UpdatedDate\":null,\"void\":1}',
    '1 - Sanji, Black Leg',
    '2025-10-22 17:48:48'
  );
INSERT INTO
  `audit_log` (
    `id`,
    `table_name`,
    `record_id`,
    `action_type`,
    `old_data`,
    `new_data`,
    `user_name`,
    `created_at`
  )
VALUES
  (
    413,
    'user_notifications',
    '20',
    'INSERT',
    NULL,
    '{\"DocEntry\":20,\"created_by\":1,\"notif_to_id\":24,\"title\":\"Booking of Fund Request\",\"msg\":\"Fund Request  We are inviting you for an interview at 2025-10-22 please bring essential documents\",\"createdTimeStamp\":\"2025-10-22T09:48:48.000Z\",\"isRead\":0,\"void\":1}',
    '1 - Sanji, Black Leg',
    '2025-10-22 17:48:49'
  );
INSERT INTO
  `audit_log` (
    `id`,
    `table_name`,
    `record_id`,
    `action_type`,
    `old_data`,
    `new_data`,
    `user_name`,
    `created_at`
  )
VALUES
  (
    414,
    'user_notifications',
    '15',
    'UPDATE',
    '{\"DocEntry\":15,\"created_by\":1,\"notif_to_id\":25,\"title\":\"Booking of Fund Request\",\"msg\":\"Fund Request  We are inviting you for an interview at 2025-10-22 please bring essential documents\",\"createdTimeStamp\":\"2025-10-22T09:34:36.000Z\",\"isRead\":0,\"void\":1}',
    '{\"DocEntry\":15,\"created_by\":1,\"notif_to_id\":25,\"title\":\"Booking of Fund Request\",\"msg\":\"Fund Request  We are inviting you for an interview at 2025-10-22 please bring essential documents\",\"createdTimeStamp\":\"2025-10-22T09:34:36.000Z\",\"isRead\":1,\"void\":1}',
    '25 - zoro, Roronoa',
    '2025-10-22 17:50:01'
  );
INSERT INTO
  `audit_log` (
    `id`,
    `table_name`,
    `record_id`,
    `action_type`,
    `old_data`,
    `new_data`,
    `user_name`,
    `created_at`
  )
VALUES
  (
    415,
    'user_notifications',
    '16',
    'UPDATE',
    '{\"DocEntry\":16,\"created_by\":1,\"notif_to_id\":25,\"title\":\"Booking of Fund Request\",\"msg\":\"Fund Request  We are inviting you for an interview at 2025-10-23 please bring essential documents\",\"createdTimeStamp\":\"2025-10-22T09:34:54.000Z\",\"isRead\":0,\"void\":1}',
    '{\"DocEntry\":16,\"created_by\":1,\"notif_to_id\":25,\"title\":\"Booking of Fund Request\",\"msg\":\"Fund Request  We are inviting you for an interview at 2025-10-23 please bring essential documents\",\"createdTimeStamp\":\"2025-10-22T09:34:54.000Z\",\"isRead\":1,\"void\":1}',
    '25 - zoro, Roronoa',
    '2025-10-22 17:50:02'
  );
INSERT INTO
  `audit_log` (
    `id`,
    `table_name`,
    `record_id`,
    `action_type`,
    `old_data`,
    `new_data`,
    `user_name`,
    `created_at`
  )
VALUES
  (
    416,
    'user_notifications',
    '17',
    'UPDATE',
    '{\"DocEntry\":17,\"created_by\":1,\"notif_to_id\":25,\"title\":\"Booking of Fund Request\",\"msg\":\"Fund Request  We are inviting you for an interview at 2025-10-24 please bring essential documents\",\"createdTimeStamp\":\"2025-10-22T09:35:07.000Z\",\"isRead\":0,\"void\":1}',
    '{\"DocEntry\":17,\"created_by\":1,\"notif_to_id\":25,\"title\":\"Booking of Fund Request\",\"msg\":\"Fund Request  We are inviting you for an interview at 2025-10-24 please bring essential documents\",\"createdTimeStamp\":\"2025-10-22T09:35:07.000Z\",\"isRead\":1,\"void\":1}',
    '25 - zoro, Roronoa',
    '2025-10-22 17:50:03'
  );
INSERT INTO
  `audit_log` (
    `id`,
    `table_name`,
    `record_id`,
    `action_type`,
    `old_data`,
    `new_data`,
    `user_name`,
    `created_at`
  )
VALUES
  (
    417,
    'user_notifications',
    '18',
    'UPDATE',
    '{\"DocEntry\":18,\"created_by\":1,\"notif_to_id\":25,\"title\":\"Booking of Fund Request\",\"msg\":\"Fund Request  We are inviting you for an interview at 2025-10-22 please bring essential documents\",\"createdTimeStamp\":\"2025-10-22T09:47:35.000Z\",\"isRead\":0,\"void\":1}',
    '{\"DocEntry\":18,\"created_by\":1,\"notif_to_id\":25,\"title\":\"Booking of Fund Request\",\"msg\":\"Fund Request  We are inviting you for an interview at 2025-10-22 please bring essential documents\",\"createdTimeStamp\":\"2025-10-22T09:47:35.000Z\",\"isRead\":1,\"void\":1}',
    '25 - zoro, Roronoa',
    '2025-10-22 17:50:04'
  );
INSERT INTO
  `audit_log` (
    `id`,
    `table_name`,
    `record_id`,
    `action_type`,
    `old_data`,
    `new_data`,
    `user_name`,
    `created_at`
  )
VALUES
  (
    418,
    'user_notifications',
    '19',
    'UPDATE',
    '{\"DocEntry\":19,\"created_by\":1,\"notif_to_id\":25,\"title\":\"Booking of Fund Request\",\"msg\":\"Fund Request  We are inviting you for an interview at 2025-10-23 please bring essential documents\",\"createdTimeStamp\":\"2025-10-22T09:47:52.000Z\",\"isRead\":0,\"void\":1}',
    '{\"DocEntry\":19,\"created_by\":1,\"notif_to_id\":25,\"title\":\"Booking of Fund Request\",\"msg\":\"Fund Request  We are inviting you for an interview at 2025-10-23 please bring essential documents\",\"createdTimeStamp\":\"2025-10-22T09:47:52.000Z\",\"isRead\":1,\"void\":1}',
    '25 - zoro, Roronoa',
    '2025-10-22 17:50:04'
  );
INSERT INTO
  `audit_log` (
    `id`,
    `table_name`,
    `record_id`,
    `action_type`,
    `old_data`,
    `new_data`,
    `user_name`,
    `created_at`
  )
VALUES
  (
    419,
    'user_notifications',
    '18',
    'UPDATE',
    '{\"DocEntry\":18,\"created_by\":1,\"notif_to_id\":25,\"title\":\"Booking of Fund Request\",\"msg\":\"Fund Request  We are inviting you for an interview at 2025-10-22 please bring essential documents\",\"createdTimeStamp\":\"2025-10-22T09:47:35.000Z\",\"isRead\":1,\"void\":1}',
    '{\"DocEntry\":18,\"created_by\":1,\"notif_to_id\":25,\"title\":\"Booking of Fund Request\",\"msg\":\"Fund Request  We are inviting you for an interview at 2025-10-22 please bring essential documents\",\"createdTimeStamp\":\"2025-10-22T09:47:35.000Z\",\"isRead\":1,\"void\":1}',
    '25 - zoro, Roronoa',
    '2025-10-22 17:50:06'
  );

# ------------------------------------------------------------
# DATA DUMP FOR TABLE: bookings
# ------------------------------------------------------------

INSERT INTO
  `bookings` (
    `DocEntry`,
    `projects_data_a_header_entry`,
    `Title`,
    `bookingDate`,
    `CreatedBy`,
    `CreatedDate`,
    `UpdatedDate`,
    `void`
  )
VALUES
  (
    32,
    3,
    0,
    '2025-07-15',
    1,
    '2025-07-30 21:14:34',
    NULL,
    0
  );
INSERT INTO
  `bookings` (
    `DocEntry`,
    `projects_data_a_header_entry`,
    `Title`,
    `bookingDate`,
    `CreatedBy`,
    `CreatedDate`,
    `UpdatedDate`,
    `void`
  )
VALUES
  (
    33,
    5,
    0,
    '2025-07-15',
    1,
    '2025-07-30 21:14:34',
    NULL,
    0
  );
INSERT INTO
  `bookings` (
    `DocEntry`,
    `projects_data_a_header_entry`,
    `Title`,
    `bookingDate`,
    `CreatedBy`,
    `CreatedDate`,
    `UpdatedDate`,
    `void`
  )
VALUES
  (
    34,
    4,
    0,
    '2025-07-24',
    1,
    '2025-07-30 21:14:42',
    NULL,
    0
  );
INSERT INTO
  `bookings` (
    `DocEntry`,
    `projects_data_a_header_entry`,
    `Title`,
    `bookingDate`,
    `CreatedBy`,
    `CreatedDate`,
    `UpdatedDate`,
    `void`
  )
VALUES
  (
    35,
    6,
    0,
    '2025-07-24',
    1,
    '2025-07-30 21:14:42',
    NULL,
    0
  );
INSERT INTO
  `bookings` (
    `DocEntry`,
    `projects_data_a_header_entry`,
    `Title`,
    `bookingDate`,
    `CreatedBy`,
    `CreatedDate`,
    `UpdatedDate`,
    `void`
  )
VALUES
  (
    36,
    7,
    0,
    '2025-07-22',
    1,
    '2025-07-30 21:14:46',
    NULL,
    0
  );
INSERT INTO
  `bookings` (
    `DocEntry`,
    `projects_data_a_header_entry`,
    `Title`,
    `bookingDate`,
    `CreatedBy`,
    `CreatedDate`,
    `UpdatedDate`,
    `void`
  )
VALUES
  (
    37,
    3,
    0,
    '2025-07-16',
    1,
    '2025-07-30 21:16:40',
    NULL,
    0
  );
INSERT INTO
  `bookings` (
    `DocEntry`,
    `projects_data_a_header_entry`,
    `Title`,
    `bookingDate`,
    `CreatedBy`,
    `CreatedDate`,
    `UpdatedDate`,
    `void`
  )
VALUES
  (
    38,
    4,
    0,
    '2025-07-18',
    1,
    '2025-07-30 21:17:18',
    NULL,
    0
  );
INSERT INTO
  `bookings` (
    `DocEntry`,
    `projects_data_a_header_entry`,
    `Title`,
    `bookingDate`,
    `CreatedBy`,
    `CreatedDate`,
    `UpdatedDate`,
    `void`
  )
VALUES
  (
    39,
    5,
    0,
    '2025-07-22',
    1,
    '2025-07-30 21:17:29',
    NULL,
    0
  );
INSERT INTO
  `bookings` (
    `DocEntry`,
    `projects_data_a_header_entry`,
    `Title`,
    `bookingDate`,
    `CreatedBy`,
    `CreatedDate`,
    `UpdatedDate`,
    `void`
  )
VALUES
  (
    40,
    6,
    0,
    '2025-07-22',
    1,
    '2025-07-30 21:17:30',
    NULL,
    0
  );
INSERT INTO
  `bookings` (
    `DocEntry`,
    `projects_data_a_header_entry`,
    `Title`,
    `bookingDate`,
    `CreatedBy`,
    `CreatedDate`,
    `UpdatedDate`,
    `void`
  )
VALUES
  (
    41,
    5,
    0,
    '2025-07-31',
    1,
    '2025-07-30 21:17:45',
    NULL,
    0
  );
INSERT INTO
  `bookings` (
    `DocEntry`,
    `projects_data_a_header_entry`,
    `Title`,
    `bookingDate`,
    `CreatedBy`,
    `CreatedDate`,
    `UpdatedDate`,
    `void`
  )
VALUES
  (
    42,
    7,
    0,
    '2025-07-31',
    1,
    '2025-07-30 21:17:45',
    NULL,
    0
  );
INSERT INTO
  `bookings` (
    `DocEntry`,
    `projects_data_a_header_entry`,
    `Title`,
    `bookingDate`,
    `CreatedBy`,
    `CreatedDate`,
    `UpdatedDate`,
    `void`
  )
VALUES
  (
    43,
    7,
    0,
    '2025-08-04',
    1,
    '2025-08-08 13:30:04',
    NULL,
    0
  );
INSERT INTO
  `bookings` (
    `DocEntry`,
    `projects_data_a_header_entry`,
    `Title`,
    `bookingDate`,
    `CreatedBy`,
    `CreatedDate`,
    `UpdatedDate`,
    `void`
  )
VALUES
  (
    44,
    7,
    0,
    '2025-07-31',
    1,
    '2025-08-16 19:53:54',
    NULL,
    0
  );
INSERT INTO
  `bookings` (
    `DocEntry`,
    `projects_data_a_header_entry`,
    `Title`,
    `bookingDate`,
    `CreatedBy`,
    `CreatedDate`,
    `UpdatedDate`,
    `void`
  )
VALUES
  (
    45,
    1,
    0,
    '2025-08-19',
    1,
    '2025-08-16 19:54:38',
    NULL,
    0
  );
INSERT INTO
  `bookings` (
    `DocEntry`,
    `projects_data_a_header_entry`,
    `Title`,
    `bookingDate`,
    `CreatedBy`,
    `CreatedDate`,
    `UpdatedDate`,
    `void`
  )
VALUES
  (
    46,
    2,
    0,
    '2025-08-19',
    1,
    '2025-08-16 19:54:38',
    NULL,
    0
  );
INSERT INTO
  `bookings` (
    `DocEntry`,
    `projects_data_a_header_entry`,
    `Title`,
    `bookingDate`,
    `CreatedBy`,
    `CreatedDate`,
    `UpdatedDate`,
    `void`
  )
VALUES
  (
    47,
    3,
    0,
    '2025-08-20',
    1,
    '2025-08-16 19:54:41',
    NULL,
    0
  );
INSERT INTO
  `bookings` (
    `DocEntry`,
    `projects_data_a_header_entry`,
    `Title`,
    `bookingDate`,
    `CreatedBy`,
    `CreatedDate`,
    `UpdatedDate`,
    `void`
  )
VALUES
  (
    48,
    4,
    0,
    '2025-08-20',
    1,
    '2025-08-16 19:54:42',
    NULL,
    0
  );
INSERT INTO
  `bookings` (
    `DocEntry`,
    `projects_data_a_header_entry`,
    `Title`,
    `bookingDate`,
    `CreatedBy`,
    `CreatedDate`,
    `UpdatedDate`,
    `void`
  )
VALUES
  (
    49,
    5,
    0,
    '2025-08-20',
    1,
    '2025-08-16 19:54:42',
    NULL,
    0
  );
INSERT INTO
  `bookings` (
    `DocEntry`,
    `projects_data_a_header_entry`,
    `Title`,
    `bookingDate`,
    `CreatedBy`,
    `CreatedDate`,
    `UpdatedDate`,
    `void`
  )
VALUES
  (
    50,
    6,
    0,
    '2025-08-21',
    1,
    '2025-08-16 19:54:45',
    NULL,
    0
  );
INSERT INTO
  `bookings` (
    `DocEntry`,
    `projects_data_a_header_entry`,
    `Title`,
    `bookingDate`,
    `CreatedBy`,
    `CreatedDate`,
    `UpdatedDate`,
    `void`
  )
VALUES
  (
    51,
    7,
    0,
    '2025-08-21',
    1,
    '2025-08-16 19:54:45',
    NULL,
    0
  );
INSERT INTO
  `bookings` (
    `DocEntry`,
    `projects_data_a_header_entry`,
    `Title`,
    `bookingDate`,
    `CreatedBy`,
    `CreatedDate`,
    `UpdatedDate`,
    `void`
  )
VALUES
  (
    52,
    6,
    0,
    '2025-08-21',
    1,
    '2025-08-16 20:09:19',
    NULL,
    0
  );
INSERT INTO
  `bookings` (
    `DocEntry`,
    `projects_data_a_header_entry`,
    `Title`,
    `bookingDate`,
    `CreatedBy`,
    `CreatedDate`,
    `UpdatedDate`,
    `void`
  )
VALUES
  (
    53,
    6,
    0,
    '2025-08-18',
    1,
    '2025-08-18 22:19:08',
    NULL,
    0
  );
INSERT INTO
  `bookings` (
    `DocEntry`,
    `projects_data_a_header_entry`,
    `Title`,
    `bookingDate`,
    `CreatedBy`,
    `CreatedDate`,
    `UpdatedDate`,
    `void`
  )
VALUES
  (
    54,
    8,
    0,
    '2025-08-18',
    1,
    '2025-08-18 22:19:08',
    NULL,
    0
  );
INSERT INTO
  `bookings` (
    `DocEntry`,
    `projects_data_a_header_entry`,
    `Title`,
    `bookingDate`,
    `CreatedBy`,
    `CreatedDate`,
    `UpdatedDate`,
    `void`
  )
VALUES
  (
    55,
    5,
    0,
    '2025-10-22',
    1,
    '2025-10-19 18:48:09',
    NULL,
    0
  );
INSERT INTO
  `bookings` (
    `DocEntry`,
    `projects_data_a_header_entry`,
    `Title`,
    `bookingDate`,
    `CreatedBy`,
    `CreatedDate`,
    `UpdatedDate`,
    `void`
  )
VALUES
  (
    56,
    5,
    0,
    '2025-10-20',
    1,
    '2025-10-19 23:52:37',
    NULL,
    0
  );
INSERT INTO
  `bookings` (
    `DocEntry`,
    `projects_data_a_header_entry`,
    `Title`,
    `bookingDate`,
    `CreatedBy`,
    `CreatedDate`,
    `UpdatedDate`,
    `void`
  )
VALUES
  (
    57,
    5,
    0,
    '2025-10-23',
    1,
    '2025-10-20 00:17:39',
    NULL,
    0
  );
INSERT INTO
  `bookings` (
    `DocEntry`,
    `projects_data_a_header_entry`,
    `Title`,
    `bookingDate`,
    `CreatedBy`,
    `CreatedDate`,
    `UpdatedDate`,
    `void`
  )
VALUES
  (
    58,
    5,
    0,
    '2025-10-21',
    1,
    '2025-10-21 13:56:24',
    NULL,
    0
  );
INSERT INTO
  `bookings` (
    `DocEntry`,
    `projects_data_a_header_entry`,
    `Title`,
    `bookingDate`,
    `CreatedBy`,
    `CreatedDate`,
    `UpdatedDate`,
    `void`
  )
VALUES
  (
    59,
    9,
    0,
    '2025-10-22',
    1,
    '2025-10-21 23:48:53',
    NULL,
    0
  );
INSERT INTO
  `bookings` (
    `DocEntry`,
    `projects_data_a_header_entry`,
    `Title`,
    `bookingDate`,
    `CreatedBy`,
    `CreatedDate`,
    `UpdatedDate`,
    `void`
  )
VALUES
  (
    60,
    13,
    0,
    '2025-10-22',
    1,
    '2025-10-22 17:34:36',
    NULL,
    0
  );
INSERT INTO
  `bookings` (
    `DocEntry`,
    `projects_data_a_header_entry`,
    `Title`,
    `bookingDate`,
    `CreatedBy`,
    `CreatedDate`,
    `UpdatedDate`,
    `void`
  )
VALUES
  (
    61,
    13,
    0,
    '2025-10-23',
    1,
    '2025-10-22 17:34:53',
    NULL,
    0
  );
INSERT INTO
  `bookings` (
    `DocEntry`,
    `projects_data_a_header_entry`,
    `Title`,
    `bookingDate`,
    `CreatedBy`,
    `CreatedDate`,
    `UpdatedDate`,
    `void`
  )
VALUES
  (
    62,
    13,
    0,
    '2025-10-24',
    1,
    '2025-10-22 17:35:07',
    NULL,
    0
  );
INSERT INTO
  `bookings` (
    `DocEntry`,
    `projects_data_a_header_entry`,
    `Title`,
    `bookingDate`,
    `CreatedBy`,
    `CreatedDate`,
    `UpdatedDate`,
    `void`
  )
VALUES
  (
    63,
    13,
    0,
    '2025-10-22',
    1,
    '2025-10-22 17:47:35',
    NULL,
    0
  );
INSERT INTO
  `bookings` (
    `DocEntry`,
    `projects_data_a_header_entry`,
    `Title`,
    `bookingDate`,
    `CreatedBy`,
    `CreatedDate`,
    `UpdatedDate`,
    `void`
  )
VALUES
  (
    64,
    13,
    0,
    '2025-10-23',
    1,
    '2025-10-22 17:47:52',
    NULL,
    1
  );
INSERT INTO
  `bookings` (
    `DocEntry`,
    `projects_data_a_header_entry`,
    `Title`,
    `bookingDate`,
    `CreatedBy`,
    `CreatedDate`,
    `UpdatedDate`,
    `void`
  )
VALUES
  (
    65,
    9,
    0,
    '2025-10-22',
    1,
    '2025-10-22 17:48:48',
    NULL,
    1
  );

# ------------------------------------------------------------
# DATA DUMP FOR TABLE: chart_of_accounts
# ------------------------------------------------------------

INSERT INTO
  `chart_of_accounts` (
    `DocEntry`,
    `Code`,
    `Name`,
    `CreatedDate`,
    `createdBy`,
    `Void`,
    `type`
  )
VALUES
  (
    1,
    '30000028',
    'Medical ',
    '2025-07-25 00:03:24',
    1,
    1,
    'Project'
  );
INSERT INTO
  `chart_of_accounts` (
    `DocEntry`,
    `Code`,
    `Name`,
    `CreatedDate`,
    `createdBy`,
    `Void`,
    `type`
  )
VALUES
  (
    6,
    '10000100',
    'Cash In Bank',
    '2025-07-25 15:56:34',
    1,
    1,
    'Assets'
  );
INSERT INTO
  `chart_of_accounts` (
    `DocEntry`,
    `Code`,
    `Name`,
    `CreatedDate`,
    `createdBy`,
    `Void`,
    `type`
  )
VALUES
  (
    7,
    '20000100',
    'Miscellaneous Expense',
    '2025-07-25 16:05:52',
    1,
    1,
    'Expenses'
  );
INSERT INTO
  `chart_of_accounts` (
    `DocEntry`,
    `Code`,
    `Name`,
    `CreatedDate`,
    `createdBy`,
    `Void`,
    `type`
  )
VALUES
  (
    8,
    '40000100',
    'Project Payables',
    '2025-07-25 17:38:49',
    1,
    1,
    'Payable'
  );
INSERT INTO
  `chart_of_accounts` (
    `DocEntry`,
    `Code`,
    `Name`,
    `CreatedDate`,
    `createdBy`,
    `Void`,
    `type`
  )
VALUES
  (
    9,
    '30000029',
    'testx',
    '2025-08-18 19:56:48',
    1,
    1,
    'Project - Expenses'
  );
INSERT INTO
  `chart_of_accounts` (
    `DocEntry`,
    `Code`,
    `Name`,
    `CreatedDate`,
    `createdBy`,
    `Void`,
    `type`
  )
VALUES
  (
    10,
    '30000030',
    'Fund Request',
    '2025-10-19 18:24:26',
    1,
    1,
    'Project - Expenses'
  );

# ------------------------------------------------------------
# DATA DUMP FOR TABLE: chart_of_accountsmap
# ------------------------------------------------------------

INSERT INTO
  `chart_of_accountsmap` (
    `DocEntry`,
    `Type`,
    `Dr_code`,
    `Ar_code`,
    `createdDate`,
    `createdBy`,
    `void`
  )
VALUES
  (1, 'AR', '1', '1', '2025-07-25 21:47:45', 1, 1);

# ------------------------------------------------------------
# DATA DUMP FOR TABLE: evaluation
# ------------------------------------------------------------

INSERT INTO
  `evaluation` (
    `DocEntry`,
    `bookingid`,
    `type_of_house`,
    `other_source_of_income`,
    `occupation`,
    `monthly_income`,
    `number_of_meals`,
    `source_of_water_per_month`,
    `source_of_fuel_per_month`,
    `source_of_light_per_month`,
    `house_and_lot`,
    `appliances`,
    `economic_condition`,
    `expenditures_vs_income_analysis`,
    `evaluation_recommendation`,
    `problem_presented`,
    `economic_and_family_background`,
    `assessment`,
    `recommendation`,
    `CreatedDate`,
    `void`
  )
VALUES
  (
    15,
    '56',
    'Concrete',
    'Friends',
    'Farmers',
    '1,000-3,000',
    'Once a day',
    'Deepwell',
    'Firewood',
    'Lamp',
    'Owned house & lot',
    'TV',
    'Income is sufficient to meet/provide all family basic needs',
    'Total monthly family expenditures is equal to the monthly family income',
    'Indigent',
    'asdasda',
    'asdasda',
    'aads',
    'please give em 50,000.00',
    '2025-10-20 19:02:36',
    '1'
  );
INSERT INTO
  `evaluation` (
    `DocEntry`,
    `bookingid`,
    `type_of_house`,
    `other_source_of_income`,
    `occupation`,
    `monthly_income`,
    `number_of_meals`,
    `source_of_water_per_month`,
    `source_of_fuel_per_month`,
    `source_of_light_per_month`,
    `house_and_lot`,
    `appliances`,
    `economic_condition`,
    `expenditures_vs_income_analysis`,
    `evaluation_recommendation`,
    `problem_presented`,
    `economic_and_family_background`,
    `assessment`,
    `recommendation`,
    `CreatedDate`,
    `void`
  )
VALUES
  (
    16,
    '58',
    'Wood',
    'Friends',
    'Farmers',
    '1,000-3,000',
    'Once a day',
    'Deepwell',
    'Firewood',
    'suga',
    'Rented home',
    'Radio',
    'Income is insufficient to meet/provide all basic needs',
    'Total monthly family expenditures is lower than the total monthly income',
    'Indigent',
    'PROBLEM nako kai gwapo ko',
    'walai koi background',
    'wala lang',
    'tagai daw nig 1,000,000',
    '2025-10-21 14:00:23',
    '1'
  );
INSERT INTO
  `evaluation` (
    `DocEntry`,
    `bookingid`,
    `type_of_house`,
    `other_source_of_income`,
    `occupation`,
    `monthly_income`,
    `number_of_meals`,
    `source_of_water_per_month`,
    `source_of_fuel_per_month`,
    `source_of_light_per_month`,
    `house_and_lot`,
    `appliances`,
    `economic_condition`,
    `expenditures_vs_income_analysis`,
    `evaluation_recommendation`,
    `problem_presented`,
    `economic_and_family_background`,
    `assessment`,
    `recommendation`,
    `CreatedDate`,
    `void`
  )
VALUES
  (
    17,
    '59',
    'Concrete',
    'Friends',
    'Farmers',
    '1,000-3,000',
    'Once a day',
    'Deepwell',
    'Firewood',
    'Lamp',
    'Owned house & lot',
    'TV',
    'Income is sufficient to meet/provide all family basic needs',
    'Total monthly family expenditures is equal to the monthly family income',
    'Indigent',
    'probs 1',
    'eco',
    'assesments daw ni',
    'recommendation daw ni tapos need siya og 20,000.00',
    '2025-10-21 23:49:49',
    '1'
  );

# ------------------------------------------------------------
# DATA DUMP FOR TABLE: fund_entry
# ------------------------------------------------------------

INSERT INTO
  `fund_entry` (
    `DocEntry`,
    `created_by`,
    `project_header_id`,
    `requested_fund`,
    `acquired_fund`,
    `created_date`,
    `void`
  )
VALUES
  (1, 1, 1, 1, 1, '2025-10-21 23:16:56', 1);
INSERT INTO
  `fund_entry` (
    `DocEntry`,
    `created_by`,
    `project_header_id`,
    `requested_fund`,
    `acquired_fund`,
    `created_date`,
    `void`
  )
VALUES
  (2, 1, 9, 123, 432, '2025-10-22 00:52:56', 1);

# ------------------------------------------------------------
# DATA DUMP FOR TABLE: nav_manager
# ------------------------------------------------------------


# ------------------------------------------------------------
# DATA DUMP FOR TABLE: ousr
# ------------------------------------------------------------

INSERT INTO
  `ousr` (
    `DocEntry`,
    `email`,
    `FirstName`,
    `LastName`,
    `MiddleName`,
    `pass`,
    `type`,
    `user`,
    `barangay`,
    `void`
  )
VALUES
  (
    1,
    's@g.com',
    'Sanji',
    'Black Leg',
    'D',
    'test',
    1,
    'A',
    '',
    1
  );
INSERT INTO
  `ousr` (
    `DocEntry`,
    `email`,
    `FirstName`,
    `LastName`,
    `MiddleName`,
    `pass`,
    `type`,
    `user`,
    `barangay`,
    `void`
  )
VALUES
  (
    24,
    'r@g.com',
    'Robin',
    'MsSunday',
    'D',
    'test',
    3,
    'A',
    '',
    1
  );
INSERT INTO
  `ousr` (
    `DocEntry`,
    `email`,
    `FirstName`,
    `LastName`,
    `MiddleName`,
    `pass`,
    `type`,
    `user`,
    `barangay`,
    `void`
  )
VALUES
  (
    25,
    'z@g.com',
    'zoro',
    'Roronoa',
    'D',
    'test',
    3,
    'r',
    '',
    1
  );

# ------------------------------------------------------------
# DATA DUMP FOR TABLE: projects
# ------------------------------------------------------------

INSERT INTO
  `projects` (
    `DocEntry`,
    `AddedBy`,
    `createdDate`,
    `Disc`,
    `Title`,
    `void`
  )
VALUES
  (
    1,
    1,
    '2025-07-08 00:10:07',
    'A required form for new users, ensuring all fields are completed before submission. Entries are routed for approval prior to account activation.',
    'User Registration Form',
    1
  );
INSERT INTO
  `projects` (
    `DocEntry`,
    `AddedBy`,
    `createdDate`,
    `Disc`,
    `Title`,
    `void`
  )
VALUES
  (
    24,
    1,
    '2025-07-10 22:58:13',
    ' Before you can proceed with your request, you must first complete and submit this form.',
    ' General Intake Sheet',
    1
  );
INSERT INTO
  `projects` (
    `DocEntry`,
    `AddedBy`,
    `createdDate`,
    `Disc`,
    `Title`,
    `void`
  )
VALUES
  (28, 1, '2025-07-25 00:03:23', 'asd', 'Form1', 0);
INSERT INTO
  `projects` (
    `DocEntry`,
    `AddedBy`,
    `createdDate`,
    `Disc`,
    `Title`,
    `void`
  )
VALUES
  (29, 1, '2025-08-18 19:56:48', 'tesx', 'testx', 0);
INSERT INTO
  `projects` (
    `DocEntry`,
    `AddedBy`,
    `createdDate`,
    `Disc`,
    `Title`,
    `void`
  )
VALUES
  (30, 1, '2025-10-19 18:24:26', '', 'Fund Request', 1);

# ------------------------------------------------------------
# DATA DUMP FOR TABLE: projects_data_a_header
# ------------------------------------------------------------

INSERT INTO
  `projects_data_a_header` (
    `DocEntry`,
    `CreatedBy`,
    `ProjectID`,
    `createdDate`,
    `canceled`,
    `void`
  )
VALUES
  (1, 1, 24, '2025-10-21 17:35:47', 1, 0);
INSERT INTO
  `projects_data_a_header` (
    `DocEntry`,
    `CreatedBy`,
    `ProjectID`,
    `createdDate`,
    `canceled`,
    `void`
  )
VALUES
  (7, 24, 24, '2025-10-21 17:41:07', 1, 0);
INSERT INTO
  `projects_data_a_header` (
    `DocEntry`,
    `CreatedBy`,
    `ProjectID`,
    `createdDate`,
    `canceled`,
    `void`
  )
VALUES
  (8, 1, 24, '2025-10-21 17:45:18', 1, 0);
INSERT INTO
  `projects_data_a_header` (
    `DocEntry`,
    `CreatedBy`,
    `ProjectID`,
    `createdDate`,
    `canceled`,
    `void`
  )
VALUES
  (9, 24, 30, '2025-10-21 23:48:20', 1, 0);
INSERT INTO
  `projects_data_a_header` (
    `DocEntry`,
    `CreatedBy`,
    `ProjectID`,
    `createdDate`,
    `canceled`,
    `void`
  )
VALUES
  (10, 25, 24, '2025-10-22 17:21:37', 1, 0);
INSERT INTO
  `projects_data_a_header` (
    `DocEntry`,
    `CreatedBy`,
    `ProjectID`,
    `createdDate`,
    `canceled`,
    `void`
  )
VALUES
  (11, 25, 30, '2025-10-22 17:22:33', 1, 0);
INSERT INTO
  `projects_data_a_header` (
    `DocEntry`,
    `CreatedBy`,
    `ProjectID`,
    `createdDate`,
    `canceled`,
    `void`
  )
VALUES
  (12, 25, 30, '2025-10-22 17:23:32', 1, 0);
INSERT INTO
  `projects_data_a_header` (
    `DocEntry`,
    `CreatedBy`,
    `ProjectID`,
    `createdDate`,
    `canceled`,
    `void`
  )
VALUES
  (13, 25, 30, '2025-10-22 17:27:37', 1, 0);

# ------------------------------------------------------------
# DATA DUMP FOR TABLE: projects_data_b_lines
# ------------------------------------------------------------

INSERT INTO
  `projects_data_b_lines` (
    `DocNum`,
    `DocEntry`,
    `Requirements_id`,
    `Requirements_value`,
    `void`
  )
VALUES
  (1, 7, 32, '2000-10-01', 1);
INSERT INTO
  `projects_data_b_lines` (
    `DocNum`,
    `DocEntry`,
    `Requirements_id`,
    `Requirements_value`,
    `void`
  )
VALUES
  (2, 7, 33, '65', 1);
INSERT INTO
  `projects_data_b_lines` (
    `DocNum`,
    `DocEntry`,
    `Requirements_id`,
    `Requirements_value`,
    `void`
  )
VALUES
  (3, 7, 34, 'aplaya', 1);
INSERT INTO
  `projects_data_b_lines` (
    `DocNum`,
    `DocEntry`,
    `Requirements_id`,
    `Requirements_value`,
    `void`
  )
VALUES
  (4, 7, 35, 'place', 1);
INSERT INTO
  `projects_data_b_lines` (
    `DocNum`,
    `DocEntry`,
    `Requirements_id`,
    `Requirements_value`,
    `void`
  )
VALUES
  (5, 7, 36, '28', 1);
INSERT INTO
  `projects_data_b_lines` (
    `DocNum`,
    `DocEntry`,
    `Requirements_id`,
    `Requirements_value`,
    `void`
  )
VALUES
  (6, 7, 37, '67', 1);
INSERT INTO
  `projects_data_b_lines` (
    `DocNum`,
    `DocEntry`,
    `Requirements_id`,
    `Requirements_value`,
    `void`
  )
VALUES
  (7, 7, 38, '74', 1);
INSERT INTO
  `projects_data_b_lines` (
    `DocNum`,
    `DocEntry`,
    `Requirements_id`,
    `Requirements_value`,
    `void`
  )
VALUES
  (8, 7, 39, '75', 1);
INSERT INTO
  `projects_data_b_lines` (
    `DocNum`,
    `DocEntry`,
    `Requirements_id`,
    `Requirements_value`,
    `void`
  )
VALUES
  (9, 7, 40, 'skills', 1);
INSERT INTO
  `projects_data_b_lines` (
    `DocNum`,
    `DocEntry`,
    `Requirements_id`,
    `Requirements_value`,
    `void`
  )
VALUES
  (10, 7, 41, '92', 1);
INSERT INTO
  `projects_data_b_lines` (
    `DocNum`,
    `DocEntry`,
    `Requirements_id`,
    `Requirements_value`,
    `void`
  )
VALUES
  (11, 7, 42, '123123', 1);
INSERT INTO
  `projects_data_b_lines` (
    `DocNum`,
    `DocEntry`,
    `Requirements_id`,
    `Requirements_value`,
    `void`
  )
VALUES
  (12, 7, 43, 'table', 1);
INSERT INTO
  `projects_data_b_lines` (
    `DocNum`,
    `DocEntry`,
    `Requirements_id`,
    `Requirements_value`,
    `void`
  )
VALUES
  (13, 7, 43, 'table', 1);
INSERT INTO
  `projects_data_b_lines` (
    `DocNum`,
    `DocEntry`,
    `Requirements_id`,
    `Requirements_value`,
    `void`
  )
VALUES
  (14, 7, 54, '125', 1);
INSERT INTO
  `projects_data_b_lines` (
    `DocNum`,
    `DocEntry`,
    `Requirements_id`,
    `Requirements_value`,
    `void`
  )
VALUES
  (15, 8, 32, '1996-10-01', 1);
INSERT INTO
  `projects_data_b_lines` (
    `DocNum`,
    `DocEntry`,
    `Requirements_id`,
    `Requirements_value`,
    `void`
  )
VALUES
  (16, 8, 33, '66', 1);
INSERT INTO
  `projects_data_b_lines` (
    `DocNum`,
    `DocEntry`,
    `Requirements_id`,
    `Requirements_value`,
    `void`
  )
VALUES
  (17, 8, 34, 'present address', 1);
INSERT INTO
  `projects_data_b_lines` (
    `DocNum`,
    `DocEntry`,
    `Requirements_id`,
    `Requirements_value`,
    `void`
  )
VALUES
  (18, 8, 35, 'b place', 1);
INSERT INTO
  `projects_data_b_lines` (
    `DocNum`,
    `DocEntry`,
    `Requirements_id`,
    `Requirements_value`,
    `void`
  )
VALUES
  (19, 8, 36, '28', 1);
INSERT INTO
  `projects_data_b_lines` (
    `DocNum`,
    `DocEntry`,
    `Requirements_id`,
    `Requirements_value`,
    `void`
  )
VALUES
  (20, 8, 37, '68', 1);
INSERT INTO
  `projects_data_b_lines` (
    `DocNum`,
    `DocEntry`,
    `Requirements_id`,
    `Requirements_value`,
    `void`
  )
VALUES
  (21, 8, 38, '74', 1);
INSERT INTO
  `projects_data_b_lines` (
    `DocNum`,
    `DocEntry`,
    `Requirements_id`,
    `Requirements_value`,
    `void`
  )
VALUES
  (22, 8, 39, '75', 1);
INSERT INTO
  `projects_data_b_lines` (
    `DocNum`,
    `DocEntry`,
    `Requirements_id`,
    `Requirements_value`,
    `void`
  )
VALUES
  (23, 8, 40, 'wala akong skills eh', 1);
INSERT INTO
  `projects_data_b_lines` (
    `DocNum`,
    `DocEntry`,
    `Requirements_id`,
    `Requirements_value`,
    `void`
  )
VALUES
  (24, 8, 41, '92', 1);
INSERT INTO
  `projects_data_b_lines` (
    `DocNum`,
    `DocEntry`,
    `Requirements_id`,
    `Requirements_value`,
    `void`
  )
VALUES
  (25, 8, 42, '10000', 1);
INSERT INTO
  `projects_data_b_lines` (
    `DocNum`,
    `DocEntry`,
    `Requirements_id`,
    `Requirements_value`,
    `void`
  )
VALUES
  (26, 8, 43, 'table', 1);
INSERT INTO
  `projects_data_b_lines` (
    `DocNum`,
    `DocEntry`,
    `Requirements_id`,
    `Requirements_value`,
    `void`
  )
VALUES
  (27, 8, 54, '1', 1);
INSERT INTO
  `projects_data_b_lines` (
    `DocNum`,
    `DocEntry`,
    `Requirements_id`,
    `Requirements_value`,
    `void`
  )
VALUES
  (28, 9, 53, 'ngayo ko be', 1);
INSERT INTO
  `projects_data_b_lines` (
    `DocNum`,
    `DocEntry`,
    `Requirements_id`,
    `Requirements_value`,
    `void`
  )
VALUES
  (29, 10, 32, '2000-10-22', 1);
INSERT INTO
  `projects_data_b_lines` (
    `DocNum`,
    `DocEntry`,
    `Requirements_id`,
    `Requirements_value`,
    `void`
  )
VALUES
  (30, 10, 33, '66', 1);
INSERT INTO
  `projects_data_b_lines` (
    `DocNum`,
    `DocEntry`,
    `Requirements_id`,
    `Requirements_value`,
    `void`
  )
VALUES
  (31, 10, 34, 'this is my address', 1);
INSERT INTO
  `projects_data_b_lines` (
    `DocNum`,
    `DocEntry`,
    `Requirements_id`,
    `Requirements_value`,
    `void`
  )
VALUES
  (32, 10, 35, 'this is my birth place', 1);
INSERT INTO
  `projects_data_b_lines` (
    `DocNum`,
    `DocEntry`,
    `Requirements_id`,
    `Requirements_value`,
    `void`
  )
VALUES
  (33, 10, 36, '29', 1);
INSERT INTO
  `projects_data_b_lines` (
    `DocNum`,
    `DocEntry`,
    `Requirements_id`,
    `Requirements_value`,
    `void`
  )
VALUES
  (34, 10, 37, '67', 1);
INSERT INTO
  `projects_data_b_lines` (
    `DocNum`,
    `DocEntry`,
    `Requirements_id`,
    `Requirements_value`,
    `void`
  )
VALUES
  (35, 10, 38, '74', 1);
INSERT INTO
  `projects_data_b_lines` (
    `DocNum`,
    `DocEntry`,
    `Requirements_id`,
    `Requirements_value`,
    `void`
  )
VALUES
  (36, 10, 39, '75', 1);
INSERT INTO
  `projects_data_b_lines` (
    `DocNum`,
    `DocEntry`,
    `Requirements_id`,
    `Requirements_value`,
    `void`
  )
VALUES
  (37, 10, 40, 'wala koi skills', 1);
INSERT INTO
  `projects_data_b_lines` (
    `DocNum`,
    `DocEntry`,
    `Requirements_id`,
    `Requirements_value`,
    `void`
  )
VALUES
  (38, 10, 41, '92', 1);
INSERT INTO
  `projects_data_b_lines` (
    `DocNum`,
    `DocEntry`,
    `Requirements_id`,
    `Requirements_value`,
    `void`
  )
VALUES
  (39, 10, 42, '1', 1);
INSERT INTO
  `projects_data_b_lines` (
    `DocNum`,
    `DocEntry`,
    `Requirements_id`,
    `Requirements_value`,
    `void`
  )
VALUES
  (40, 10, 43, 'table', 1);
INSERT INTO
  `projects_data_b_lines` (
    `DocNum`,
    `DocEntry`,
    `Requirements_id`,
    `Requirements_value`,
    `void`
  )
VALUES
  (41, 10, 54, '1', 1);
INSERT INTO
  `projects_data_b_lines` (
    `DocNum`,
    `DocEntry`,
    `Requirements_id`,
    `Requirements_value`,
    `void`
  )
VALUES
  (42, 11, 53, 'mangayo ko be ', 1);
INSERT INTO
  `projects_data_b_lines` (
    `DocNum`,
    `DocEntry`,
    `Requirements_id`,
    `Requirements_value`,
    `void`
  )
VALUES
  (43, 12, 53, 'please', 1);
INSERT INTO
  `projects_data_b_lines` (
    `DocNum`,
    `DocEntry`,
    `Requirements_id`,
    `Requirements_value`,
    `void`
  )
VALUES
  (44, 13, 53, 'please?', 1);

# ------------------------------------------------------------
# DATA DUMP FOR TABLE: projects_data_c_table
# ------------------------------------------------------------

INSERT INTO
  `projects_data_c_table` (
    `DocNum`,
    `DocEntry`,
    `Requirements_id`,
    `Requirements_value`,
    `LineID`,
    `void`
  )
VALUES
  (1, 12, 6, 'a', 1, 1);
INSERT INTO
  `projects_data_c_table` (
    `DocNum`,
    `DocEntry`,
    `Requirements_id`,
    `Requirements_value`,
    `LineID`,
    `void`
  )
VALUES
  (2, 12, 7, 'b', 1, 1);
INSERT INTO
  `projects_data_c_table` (
    `DocNum`,
    `DocEntry`,
    `Requirements_id`,
    `Requirements_value`,
    `LineID`,
    `void`
  )
VALUES
  (3, 12, 8, 'c', 1, 1);
INSERT INTO
  `projects_data_c_table` (
    `DocNum`,
    `DocEntry`,
    `Requirements_id`,
    `Requirements_value`,
    `LineID`,
    `void`
  )
VALUES
  (4, 12, 9, '65', 1, 1);
INSERT INTO
  `projects_data_c_table` (
    `DocNum`,
    `DocEntry`,
    `Requirements_id`,
    `Requirements_value`,
    `LineID`,
    `void`
  )
VALUES
  (5, 12, 10, '74', 1, 1);
INSERT INTO
  `projects_data_c_table` (
    `DocNum`,
    `DocEntry`,
    `Requirements_id`,
    `Requirements_value`,
    `LineID`,
    `void`
  )
VALUES
  (6, 12, 11, '28', 1, 1);
INSERT INTO
  `projects_data_c_table` (
    `DocNum`,
    `DocEntry`,
    `Requirements_id`,
    `Requirements_value`,
    `LineID`,
    `void`
  )
VALUES
  (7, 12, 12, '75', 1, 1);
INSERT INTO
  `projects_data_c_table` (
    `DocNum`,
    `DocEntry`,
    `Requirements_id`,
    `Requirements_value`,
    `LineID`,
    `void`
  )
VALUES
  (8, 12, 13, 'aa', 1, 1);
INSERT INTO
  `projects_data_c_table` (
    `DocNum`,
    `DocEntry`,
    `Requirements_id`,
    `Requirements_value`,
    `LineID`,
    `void`
  )
VALUES
  (9, 12, 14, '123', 1, 1);
INSERT INTO
  `projects_data_c_table` (
    `DocNum`,
    `DocEntry`,
    `Requirements_id`,
    `Requirements_value`,
    `LineID`,
    `void`
  )
VALUES
  (10, 13, 6, 'b', 2, 1);
INSERT INTO
  `projects_data_c_table` (
    `DocNum`,
    `DocEntry`,
    `Requirements_id`,
    `Requirements_value`,
    `LineID`,
    `void`
  )
VALUES
  (11, 13, 7, 'ce', 2, 1);
INSERT INTO
  `projects_data_c_table` (
    `DocNum`,
    `DocEntry`,
    `Requirements_id`,
    `Requirements_value`,
    `LineID`,
    `void`
  )
VALUES
  (12, 13, 8, 'e', 2, 1);
INSERT INTO
  `projects_data_c_table` (
    `DocNum`,
    `DocEntry`,
    `Requirements_id`,
    `Requirements_value`,
    `LineID`,
    `void`
  )
VALUES
  (13, 13, 9, '66', 2, 1);
INSERT INTO
  `projects_data_c_table` (
    `DocNum`,
    `DocEntry`,
    `Requirements_id`,
    `Requirements_value`,
    `LineID`,
    `void`
  )
VALUES
  (14, 13, 10, '74', 2, 1);
INSERT INTO
  `projects_data_c_table` (
    `DocNum`,
    `DocEntry`,
    `Requirements_id`,
    `Requirements_value`,
    `LineID`,
    `void`
  )
VALUES
  (15, 13, 11, '29', 2, 1);
INSERT INTO
  `projects_data_c_table` (
    `DocNum`,
    `DocEntry`,
    `Requirements_id`,
    `Requirements_value`,
    `LineID`,
    `void`
  )
VALUES
  (16, 13, 12, '75', 2, 1);
INSERT INTO
  `projects_data_c_table` (
    `DocNum`,
    `DocEntry`,
    `Requirements_id`,
    `Requirements_value`,
    `LineID`,
    `void`
  )
VALUES
  (17, 13, 13, 'aax', 2, 1);
INSERT INTO
  `projects_data_c_table` (
    `DocNum`,
    `DocEntry`,
    `Requirements_id`,
    `Requirements_value`,
    `LineID`,
    `void`
  )
VALUES
  (18, 13, 14, '123122', 2, 1);
INSERT INTO
  `projects_data_c_table` (
    `DocNum`,
    `DocEntry`,
    `Requirements_id`,
    `Requirements_value`,
    `LineID`,
    `void`
  )
VALUES
  (19, 26, 6, 'a', 1, 1);
INSERT INTO
  `projects_data_c_table` (
    `DocNum`,
    `DocEntry`,
    `Requirements_id`,
    `Requirements_value`,
    `LineID`,
    `void`
  )
VALUES
  (20, 26, 7, 'b', 1, 1);
INSERT INTO
  `projects_data_c_table` (
    `DocNum`,
    `DocEntry`,
    `Requirements_id`,
    `Requirements_value`,
    `LineID`,
    `void`
  )
VALUES
  (21, 26, 8, 'c', 1, 1);
INSERT INTO
  `projects_data_c_table` (
    `DocNum`,
    `DocEntry`,
    `Requirements_id`,
    `Requirements_value`,
    `LineID`,
    `void`
  )
VALUES
  (22, 26, 9, '65', 1, 1);
INSERT INTO
  `projects_data_c_table` (
    `DocNum`,
    `DocEntry`,
    `Requirements_id`,
    `Requirements_value`,
    `LineID`,
    `void`
  )
VALUES
  (23, 26, 10, '74', 1, 1);
INSERT INTO
  `projects_data_c_table` (
    `DocNum`,
    `DocEntry`,
    `Requirements_id`,
    `Requirements_value`,
    `LineID`,
    `void`
  )
VALUES
  (24, 26, 11, '28', 1, 1);
INSERT INTO
  `projects_data_c_table` (
    `DocNum`,
    `DocEntry`,
    `Requirements_id`,
    `Requirements_value`,
    `LineID`,
    `void`
  )
VALUES
  (25, 26, 12, '75', 1, 1);
INSERT INTO
  `projects_data_c_table` (
    `DocNum`,
    `DocEntry`,
    `Requirements_id`,
    `Requirements_value`,
    `LineID`,
    `void`
  )
VALUES
  (26, 26, 13, 'skills', 1, 1);
INSERT INTO
  `projects_data_c_table` (
    `DocNum`,
    `DocEntry`,
    `Requirements_id`,
    `Requirements_value`,
    `LineID`,
    `void`
  )
VALUES
  (27, 26, 14, '20000', 1, 1);
INSERT INTO
  `projects_data_c_table` (
    `DocNum`,
    `DocEntry`,
    `Requirements_id`,
    `Requirements_value`,
    `LineID`,
    `void`
  )
VALUES
  (28, 40, 6, 'be', 1, 1);
INSERT INTO
  `projects_data_c_table` (
    `DocNum`,
    `DocEntry`,
    `Requirements_id`,
    `Requirements_value`,
    `LineID`,
    `void`
  )
VALUES
  (29, 40, 7, 'fi', 1, 1);
INSERT INTO
  `projects_data_c_table` (
    `DocNum`,
    `DocEntry`,
    `Requirements_id`,
    `Requirements_value`,
    `LineID`,
    `void`
  )
VALUES
  (30, 40, 8, 'mi', 1, 1);
INSERT INTO
  `projects_data_c_table` (
    `DocNum`,
    `DocEntry`,
    `Requirements_id`,
    `Requirements_value`,
    `LineID`,
    `void`
  )
VALUES
  (31, 40, 9, '65', 1, 1);
INSERT INTO
  `projects_data_c_table` (
    `DocNum`,
    `DocEntry`,
    `Requirements_id`,
    `Requirements_value`,
    `LineID`,
    `void`
  )
VALUES
  (32, 40, 10, '74', 1, 1);
INSERT INTO
  `projects_data_c_table` (
    `DocNum`,
    `DocEntry`,
    `Requirements_id`,
    `Requirements_value`,
    `LineID`,
    `void`
  )
VALUES
  (33, 40, 11, '28', 1, 1);
INSERT INTO
  `projects_data_c_table` (
    `DocNum`,
    `DocEntry`,
    `Requirements_id`,
    `Requirements_value`,
    `LineID`,
    `void`
  )
VALUES
  (34, 40, 12, '75', 1, 1);
INSERT INTO
  `projects_data_c_table` (
    `DocNum`,
    `DocEntry`,
    `Requirements_id`,
    `Requirements_value`,
    `LineID`,
    `void`
  )
VALUES
  (35, 40, 13, 'walai skills', 1, 1);
INSERT INTO
  `projects_data_c_table` (
    `DocNum`,
    `DocEntry`,
    `Requirements_id`,
    `Requirements_value`,
    `LineID`,
    `void`
  )
VALUES
  (36, 40, 14, '10', 1, 1);

# ------------------------------------------------------------
# DATA DUMP FOR TABLE: projects_requirements
# ------------------------------------------------------------

INSERT INTO
  `projects_requirements` (
    `DocNum`,
    `DocEntry`,
    `LineID`,
    `createdBy`,
    `createdDate`,
    `title`,
    `type`,
    `value`,
    `void`
  )
VALUES
  (
    1,
    1,
    1,
    1,
    '2025-07-08 00:10:08',
    'First Name',
    'Text',
    'text',
    1
  );
INSERT INTO
  `projects_requirements` (
    `DocNum`,
    `DocEntry`,
    `LineID`,
    `createdBy`,
    `createdDate`,
    `title`,
    `type`,
    `value`,
    `void`
  )
VALUES
  (
    2,
    1,
    2,
    1,
    '2025-07-08 00:10:08',
    'Middle Name',
    'Text',
    'text',
    1
  );
INSERT INTO
  `projects_requirements` (
    `DocNum`,
    `DocEntry`,
    `LineID`,
    `createdBy`,
    `createdDate`,
    `title`,
    `type`,
    `value`,
    `void`
  )
VALUES
  (
    3,
    1,
    3,
    1,
    '2025-07-08 00:10:08',
    'Last Name',
    'Text',
    'text',
    1
  );
INSERT INTO
  `projects_requirements` (
    `DocNum`,
    `DocEntry`,
    `LineID`,
    `createdBy`,
    `createdDate`,
    `title`,
    `type`,
    `value`,
    `void`
  )
VALUES
  (
    4,
    1,
    4,
    1,
    '2025-07-08 00:10:08',
    'Username',
    'Text',
    'text',
    1
  );
INSERT INTO
  `projects_requirements` (
    `DocNum`,
    `DocEntry`,
    `LineID`,
    `createdBy`,
    `createdDate`,
    `title`,
    `type`,
    `value`,
    `void`
  )
VALUES
  (
    5,
    1,
    5,
    1,
    '2025-07-08 00:10:08',
    'Email',
    'Email',
    'text',
    1
  );
INSERT INTO
  `projects_requirements` (
    `DocNum`,
    `DocEntry`,
    `LineID`,
    `createdBy`,
    `createdDate`,
    `title`,
    `type`,
    `value`,
    `void`
  )
VALUES
  (
    6,
    1,
    6,
    1,
    '2025-08-18 19:56:48',
    'Password',
    'Password',
    'Password',
    1
  );
INSERT INTO
  `projects_requirements` (
    `DocNum`,
    `DocEntry`,
    `LineID`,
    `createdBy`,
    `createdDate`,
    `title`,
    `type`,
    `value`,
    `void`
  )
VALUES
  (
    28,
    21,
    1,
    1,
    '2025-07-10 01:14:53',
    'fileUpload',
    'file',
    '.pdf',
    1
  );
INSERT INTO
  `projects_requirements` (
    `DocNum`,
    `DocEntry`,
    `LineID`,
    `createdBy`,
    `createdDate`,
    `title`,
    `type`,
    `value`,
    `void`
  )
VALUES
  (
    29,
    21,
    2,
    1,
    '2025-07-10 01:14:53',
    'SelectionList',
    'selection',
    '1',
    1
  );
INSERT INTO
  `projects_requirements` (
    `DocNum`,
    `DocEntry`,
    `LineID`,
    `createdBy`,
    `createdDate`,
    `title`,
    `type`,
    `value`,
    `void`
  )
VALUES
  (
    30,
    22,
    6,
    1,
    '2025-07-10 18:59:27',
    'test',
    'file',
    '.pdf',
    1
  );
INSERT INTO
  `projects_requirements` (
    `DocNum`,
    `DocEntry`,
    `LineID`,
    `createdBy`,
    `createdDate`,
    `title`,
    `type`,
    `value`,
    `void`
  )
VALUES
  (
    31,
    23,
    2,
    1,
    '2025-07-10 19:53:05',
    'test of first table',
    'table',
    '',
    1
  );
INSERT INTO
  `projects_requirements` (
    `DocNum`,
    `DocEntry`,
    `LineID`,
    `createdBy`,
    `createdDate`,
    `title`,
    `type`,
    `value`,
    `void`
  )
VALUES
  (
    32,
    24,
    1,
    1,
    '2025-07-10 22:58:13',
    'Birth Date',
    'text',
    'Date',
    1
  );
INSERT INTO
  `projects_requirements` (
    `DocNum`,
    `DocEntry`,
    `LineID`,
    `createdBy`,
    `createdDate`,
    `title`,
    `type`,
    `value`,
    `void`
  )
VALUES
  (
    33,
    24,
    3,
    1,
    '2025-07-10 22:58:14',
    'Gender',
    'selection',
    '17',
    1
  );
INSERT INTO
  `projects_requirements` (
    `DocNum`,
    `DocEntry`,
    `LineID`,
    `createdBy`,
    `createdDate`,
    `title`,
    `type`,
    `value`,
    `void`
  )
VALUES
  (
    34,
    24,
    4,
    1,
    '2025-07-10 22:58:14',
    'Present Address',
    'text',
    'Text',
    1
  );
INSERT INTO
  `projects_requirements` (
    `DocNum`,
    `DocEntry`,
    `LineID`,
    `createdBy`,
    `createdDate`,
    `title`,
    `type`,
    `value`,
    `void`
  )
VALUES
  (
    35,
    24,
    5,
    1,
    '2025-07-10 22:58:14',
    'Birth Place',
    'text',
    'Text',
    1
  );
INSERT INTO
  `projects_requirements` (
    `DocNum`,
    `DocEntry`,
    `LineID`,
    `createdBy`,
    `createdDate`,
    `title`,
    `type`,
    `value`,
    `void`
  )
VALUES
  (
    36,
    24,
    7,
    1,
    '2025-07-10 22:58:14',
    'Relationship to Beneficiary',
    'selection',
    '16',
    1
  );
INSERT INTO
  `projects_requirements` (
    `DocNum`,
    `DocEntry`,
    `LineID`,
    `createdBy`,
    `createdDate`,
    `title`,
    `type`,
    `value`,
    `void`
  )
VALUES
  (
    37,
    24,
    8,
    1,
    '2025-07-10 22:58:15',
    'Civil Status',
    'selection',
    '18',
    1
  );
INSERT INTO
  `projects_requirements` (
    `DocNum`,
    `DocEntry`,
    `LineID`,
    `createdBy`,
    `createdDate`,
    `title`,
    `type`,
    `value`,
    `void`
  )
VALUES
  (
    38,
    24,
    10,
    1,
    '2025-07-10 22:58:15',
    'Nationality',
    'selection',
    '19',
    1
  );
INSERT INTO
  `projects_requirements` (
    `DocNum`,
    `DocEntry`,
    `LineID`,
    `createdBy`,
    `createdDate`,
    `title`,
    `type`,
    `value`,
    `void`
  )
VALUES
  (
    39,
    24,
    11,
    1,
    '2025-07-10 22:58:15',
    'Highest Educational Attainment ',
    'selection',
    '20',
    1
  );
INSERT INTO
  `projects_requirements` (
    `DocNum`,
    `DocEntry`,
    `LineID`,
    `createdBy`,
    `createdDate`,
    `title`,
    `type`,
    `value`,
    `void`
  )
VALUES
  (
    40,
    24,
    12,
    1,
    '2025-07-10 22:58:16',
    'Skills/Occupation',
    'text',
    'Text',
    1
  );
INSERT INTO
  `projects_requirements` (
    `DocNum`,
    `DocEntry`,
    `LineID`,
    `createdBy`,
    `createdDate`,
    `title`,
    `type`,
    `value`,
    `void`
  )
VALUES
  (
    41,
    24,
    14,
    1,
    '2025-07-10 22:58:16',
    'Religion',
    'selection',
    '21',
    1
  );
INSERT INTO
  `projects_requirements` (
    `DocNum`,
    `DocEntry`,
    `LineID`,
    `createdBy`,
    `createdDate`,
    `title`,
    `type`,
    `value`,
    `void`
  )
VALUES
  (
    42,
    24,
    15,
    1,
    '2025-07-10 22:58:16',
    'Estimated Monthly Income',
    'text',
    'Number',
    1
  );
INSERT INTO
  `projects_requirements` (
    `DocNum`,
    `DocEntry`,
    `LineID`,
    `createdBy`,
    `createdDate`,
    `title`,
    `type`,
    `value`,
    `void`
  )
VALUES
  (
    43,
    24,
    17,
    1,
    '2025-07-10 22:58:17',
    'Beneficiarys Family Composition',
    'table',
    '',
    1
  );
INSERT INTO
  `projects_requirements` (
    `DocNum`,
    `DocEntry`,
    `LineID`,
    `createdBy`,
    `createdDate`,
    `title`,
    `type`,
    `value`,
    `void`
  )
VALUES
  (
    44,
    25,
    1,
    1,
    '2025-07-10 23:02:14',
    'asd',
    'text',
    'Email',
    1
  );
INSERT INTO
  `projects_requirements` (
    `DocNum`,
    `DocEntry`,
    `LineID`,
    `createdBy`,
    `createdDate`,
    `title`,
    `type`,
    `value`,
    `void`
  )
VALUES
  (
    45,
    26,
    1,
    1,
    '2025-07-11 00:57:13',
    'test',
    'text',
    'Number',
    1
  );
INSERT INTO
  `projects_requirements` (
    `DocNum`,
    `DocEntry`,
    `LineID`,
    `createdBy`,
    `createdDate`,
    `title`,
    `type`,
    `value`,
    `void`
  )
VALUES
  (
    46,
    27,
    1,
    1,
    '2025-07-17 13:44:01',
    'testa',
    'text',
    'Text',
    1
  );
INSERT INTO
  `projects_requirements` (
    `DocNum`,
    `DocEntry`,
    `LineID`,
    `createdBy`,
    `createdDate`,
    `title`,
    `type`,
    `value`,
    `void`
  )
VALUES
  (
    47,
    25,
    2,
    1,
    '2025-07-23 14:06:40',
    'Birth Certificate',
    'file',
    '.pdf',
    1
  );
INSERT INTO
  `projects_requirements` (
    `DocNum`,
    `DocEntry`,
    `LineID`,
    `createdBy`,
    `createdDate`,
    `title`,
    `type`,
    `value`,
    `void`
  )
VALUES
  (
    48,
    25,
    3,
    1,
    '2025-07-23 14:06:40',
    'Prescriptions',
    'file',
    '.pdf',
    1
  );
INSERT INTO
  `projects_requirements` (
    `DocNum`,
    `DocEntry`,
    `LineID`,
    `createdBy`,
    `createdDate`,
    `title`,
    `type`,
    `value`,
    `void`
  )
VALUES
  (
    49,
    26,
    1,
    1,
    '2025-07-24 20:11:04',
    'birth date',
    'text',
    'Date',
    1
  );
INSERT INTO
  `projects_requirements` (
    `DocNum`,
    `DocEntry`,
    `LineID`,
    `createdBy`,
    `createdDate`,
    `title`,
    `type`,
    `value`,
    `void`
  )
VALUES
  (
    50,
    26,
    2,
    1,
    '2025-07-24 20:11:04',
    'test',
    'file',
    '.pdf',
    1
  );
INSERT INTO
  `projects_requirements` (
    `DocNum`,
    `DocEntry`,
    `LineID`,
    `createdBy`,
    `createdDate`,
    `title`,
    `type`,
    `value`,
    `void`
  )
VALUES
  (
    51,
    27,
    2,
    1,
    '2025-07-24 23:44:57',
    'Birth Cert',
    'file',
    '.pdf',
    1
  );
INSERT INTO
  `projects_requirements` (
    `DocNum`,
    `DocEntry`,
    `LineID`,
    `createdBy`,
    `createdDate`,
    `title`,
    `type`,
    `value`,
    `void`
  )
VALUES
  (
    52,
    28,
    2,
    1,
    '2025-07-25 00:03:24',
    'asd',
    'file',
    '.pdf',
    1
  );
INSERT INTO
  `projects_requirements` (
    `DocNum`,
    `DocEntry`,
    `LineID`,
    `createdBy`,
    `createdDate`,
    `title`,
    `type`,
    `value`,
    `void`
  )
VALUES
  (
    53,
    30,
    1,
    1,
    '2025-10-19 18:24:26',
    'Reason For request',
    'text',
    'Text',
    1
  );
INSERT INTO
  `projects_requirements` (
    `DocNum`,
    `DocEntry`,
    `LineID`,
    `createdBy`,
    `createdDate`,
    `title`,
    `type`,
    `value`,
    `void`
  )
VALUES
  (
    54,
    24,
    16,
    1,
    '2025-10-21 17:25:25',
    'Barangay',
    'selection',
    '1',
    1
  );

# ------------------------------------------------------------
# DATA DUMP FOR TABLE: projects_requirements_table
# ------------------------------------------------------------

INSERT INTO
  `projects_requirements_table` (
    `DocNum`,
    `DocEntry`,
    `LineNum`,
    `label`,
    `type`,
    `void`
  )
VALUES
  (6, 43, 1, 'Last Name', 'text', 1);
INSERT INTO
  `projects_requirements_table` (
    `DocNum`,
    `DocEntry`,
    `LineNum`,
    `label`,
    `type`,
    `void`
  )
VALUES
  (7, 43, 2, 'First Name', 'text', 1);
INSERT INTO
  `projects_requirements_table` (
    `DocNum`,
    `DocEntry`,
    `LineNum`,
    `label`,
    `type`,
    `void`
  )
VALUES
  (8, 43, 3, 'Middle Name', 'text', 1);
INSERT INTO
  `projects_requirements_table` (
    `DocNum`,
    `DocEntry`,
    `LineNum`,
    `label`,
    `type`,
    `void`
  )
VALUES
  (9, 43, 4, '17', 'dropdown', 1);
INSERT INTO
  `projects_requirements_table` (
    `DocNum`,
    `DocEntry`,
    `LineNum`,
    `label`,
    `type`,
    `void`
  )
VALUES
  (10, 43, 5, '19', 'dropdown', 1);
INSERT INTO
  `projects_requirements_table` (
    `DocNum`,
    `DocEntry`,
    `LineNum`,
    `label`,
    `type`,
    `void`
  )
VALUES
  (11, 43, 6, '16', 'dropdown', 1);
INSERT INTO
  `projects_requirements_table` (
    `DocNum`,
    `DocEntry`,
    `LineNum`,
    `label`,
    `type`,
    `void`
  )
VALUES
  (12, 43, 7, '20', 'dropdown', 1);
INSERT INTO
  `projects_requirements_table` (
    `DocNum`,
    `DocEntry`,
    `LineNum`,
    `label`,
    `type`,
    `void`
  )
VALUES
  (13, 43, 8, 'Skills/Occupation', 'text', 1);
INSERT INTO
  `projects_requirements_table` (
    `DocNum`,
    `DocEntry`,
    `LineNum`,
    `label`,
    `type`,
    `void`
  )
VALUES
  (14, 43, 9, 'Est. Monthly Income', 'number', 1);

# ------------------------------------------------------------
# DATA DUMP FOR TABLE: report_optn
# ------------------------------------------------------------


# ------------------------------------------------------------
# DATA DUMP FOR TABLE: role_manager
# ------------------------------------------------------------

INSERT INTO
  `role_manager` (`id`, `nav_id`, `staff`, `user`)
VALUES
  (20, 0, 1, 1);
INSERT INTO
  `role_manager` (`id`, `nav_id`, `staff`, `user`)
VALUES
  (22, 1, 1, 0);
INSERT INTO
  `role_manager` (`id`, `nav_id`, `staff`, `user`)
VALUES
  (24, 2, 1, 1);
INSERT INTO
  `role_manager` (`id`, `nav_id`, `staff`, `user`)
VALUES
  (26, 3, 1, 0);
INSERT INTO
  `role_manager` (`id`, `nav_id`, `staff`, `user`)
VALUES
  (28, 4, 1, 0);
INSERT INTO
  `role_manager` (`id`, `nav_id`, `staff`, `user`)
VALUES
  (30, 5, 0, 0);
INSERT INTO
  `role_manager` (`id`, `nav_id`, `staff`, `user`)
VALUES
  (32, -1, 0, 0);
INSERT INTO
  `role_manager` (`id`, `nav_id`, `staff`, `user`)
VALUES
  (34, 6, 1, 0);
INSERT INTO
  `role_manager` (`id`, `nav_id`, `staff`, `user`)
VALUES
  (35, 8, 1, 1);

# ------------------------------------------------------------
# DATA DUMP FOR TABLE: selectionlist
# ------------------------------------------------------------

INSERT INTO
  `selectionlist` (
    `DocEntry`,
    `Code`,
    `CreatedBy`,
    `CreatedDate`,
    `Name`,
    `Void`
  )
VALUES
  (
    1,
    'Barangay',
    1,
    '2025-07-08 10:43:05',
    'List of Barangays',
    1
  );
INSERT INTO
  `selectionlist` (
    `DocEntry`,
    `Code`,
    `CreatedBy`,
    `CreatedDate`,
    `Name`,
    `Void`
  )
VALUES
  (
    15,
    'Months',
    1,
    '2025-07-09 22:52:41',
    'List of months',
    1
  );
INSERT INTO
  `selectionlist` (
    `DocEntry`,
    `Code`,
    `CreatedBy`,
    `CreatedDate`,
    `Name`,
    `Void`
  )
VALUES
  (
    16,
    'Relationships',
    1,
    '2025-07-10 20:26:53',
    'Relationships',
    1
  );
INSERT INTO
  `selectionlist` (
    `DocEntry`,
    `Code`,
    `CreatedBy`,
    `CreatedDate`,
    `Name`,
    `Void`
  )
VALUES
  (17, 'Gender', 1, '2025-07-10 20:47:30', 'Gender', 1);
INSERT INTO
  `selectionlist` (
    `DocEntry`,
    `Code`,
    `CreatedBy`,
    `CreatedDate`,
    `Name`,
    `Void`
  )
VALUES
  (
    18,
    'Civil Status',
    1,
    '2025-07-10 20:49:33',
    'Civil Status',
    1
  );
INSERT INTO
  `selectionlist` (
    `DocEntry`,
    `Code`,
    `CreatedBy`,
    `CreatedDate`,
    `Name`,
    `Void`
  )
VALUES
  (
    19,
    'Nationality',
    1,
    '2025-07-10 20:50:25',
    'Nationality',
    1
  );
INSERT INTO
  `selectionlist` (
    `DocEntry`,
    `Code`,
    `CreatedBy`,
    `CreatedDate`,
    `Name`,
    `Void`
  )
VALUES
  (
    20,
    'Highest Educational Attainment',
    1,
    '2025-07-10 20:51:37',
    'Highest Educational Attainment',
    1
  );
INSERT INTO
  `selectionlist` (
    `DocEntry`,
    `Code`,
    `CreatedBy`,
    `CreatedDate`,
    `Name`,
    `Void`
  )
VALUES
  (
    21,
    'Religion',
    1,
    '2025-07-10 21:01:17',
    'Religion',
    1
  );
INSERT INTO
  `selectionlist` (
    `DocEntry`,
    `Code`,
    `CreatedBy`,
    `CreatedDate`,
    `Name`,
    `Void`
  )
VALUES
  (22, 'Type of House', 1, '2025-08-11 23:17:27', '', 1);
INSERT INTO
  `selectionlist` (
    `DocEntry`,
    `Code`,
    `CreatedBy`,
    `CreatedDate`,
    `Name`,
    `Void`
  )
VALUES
  (
    23,
    'Other source of Income',
    1,
    '2025-08-11 23:18:21',
    'Other source of Income',
    1
  );
INSERT INTO
  `selectionlist` (
    `DocEntry`,
    `Code`,
    `CreatedBy`,
    `CreatedDate`,
    `Name`,
    `Void`
  )
VALUES
  (
    24,
    'Occupation',
    1,
    '2025-08-11 23:18:57',
    'Occupation',
    1
  );
INSERT INTO
  `selectionlist` (
    `DocEntry`,
    `Code`,
    `CreatedBy`,
    `CreatedDate`,
    `Name`,
    `Void`
  )
VALUES
  (
    25,
    'Monthly Income',
    1,
    '2025-08-11 23:20:10',
    'Monthly Income',
    1
  );
INSERT INTO
  `selectionlist` (
    `DocEntry`,
    `Code`,
    `CreatedBy`,
    `CreatedDate`,
    `Name`,
    `Void`
  )
VALUES
  (
    26,
    'Number of Meals',
    1,
    '2025-08-11 23:21:36',
    'Number of Meals',
    1
  );

# ------------------------------------------------------------
# DATA DUMP FOR TABLE: selectionlist_fields
# ------------------------------------------------------------

INSERT INTO
  `selectionlist_fields` (`DocNum`, `DocEntry`, `lineNum`, `name`, `void`)
VALUES
  (1, 1, 1, 'Sulana', 1);
INSERT INTO
  `selectionlist_fields` (`DocNum`, `DocEntry`, `lineNum`, `name`, `void`)
VALUES
  (14, 15, 1, 'Jan', 1);
INSERT INTO
  `selectionlist_fields` (`DocNum`, `DocEntry`, `lineNum`, `name`, `void`)
VALUES
  (15, 15, 6, 'Jun', 1);
INSERT INTO
  `selectionlist_fields` (`DocNum`, `DocEntry`, `lineNum`, `name`, `void`)
VALUES
  (16, 15, 5, 'May', 1);
INSERT INTO
  `selectionlist_fields` (`DocNum`, `DocEntry`, `lineNum`, `name`, `void`)
VALUES
  (17, 15, 4, 'Apr', 1);
INSERT INTO
  `selectionlist_fields` (`DocNum`, `DocEntry`, `lineNum`, `name`, `void`)
VALUES
  (18, 15, 2, 'Feb', 1);
INSERT INTO
  `selectionlist_fields` (`DocNum`, `DocEntry`, `lineNum`, `name`, `void`)
VALUES
  (19, 15, 3, 'Mar', 1);
INSERT INTO
  `selectionlist_fields` (`DocNum`, `DocEntry`, `lineNum`, `name`, `void`)
VALUES
  (20, 15, 7, 'Jul', 1);
INSERT INTO
  `selectionlist_fields` (`DocNum`, `DocEntry`, `lineNum`, `name`, `void`)
VALUES
  (21, 15, 9, 'Sep', 1);
INSERT INTO
  `selectionlist_fields` (`DocNum`, `DocEntry`, `lineNum`, `name`, `void`)
VALUES
  (22, 15, 10, 'Oct', 1);
INSERT INTO
  `selectionlist_fields` (`DocNum`, `DocEntry`, `lineNum`, `name`, `void`)
VALUES
  (23, 15, 12, 'Dec', 1);
INSERT INTO
  `selectionlist_fields` (`DocNum`, `DocEntry`, `lineNum`, `name`, `void`)
VALUES
  (24, 15, 8, 'Aug', 1);
INSERT INTO
  `selectionlist_fields` (`DocNum`, `DocEntry`, `lineNum`, `name`, `void`)
VALUES
  (25, 15, 11, 'Nov', 1);
INSERT INTO
  `selectionlist_fields` (`DocNum`, `DocEntry`, `lineNum`, `name`, `void`)
VALUES
  (28, 16, 1, 'Spouse', 1);
INSERT INTO
  `selectionlist_fields` (`DocNum`, `DocEntry`, `lineNum`, `name`, `void`)
VALUES
  (29, 16, 2, 'Son', 1);
INSERT INTO
  `selectionlist_fields` (`DocNum`, `DocEntry`, `lineNum`, `name`, `void`)
VALUES
  (30, 16, 3, 'Daughter', 1);
INSERT INTO
  `selectionlist_fields` (`DocNum`, `DocEntry`, `lineNum`, `name`, `void`)
VALUES
  (31, 16, 4, 'Father', 1);
INSERT INTO
  `selectionlist_fields` (`DocNum`, `DocEntry`, `lineNum`, `name`, `void`)
VALUES
  (32, 16, 5, 'Mother', 1);
INSERT INTO
  `selectionlist_fields` (`DocNum`, `DocEntry`, `lineNum`, `name`, `void`)
VALUES
  (33, 16, 6, 'Brother', 1);
INSERT INTO
  `selectionlist_fields` (`DocNum`, `DocEntry`, `lineNum`, `name`, `void`)
VALUES
  (34, 16, 7, 'Sister', 1);
INSERT INTO
  `selectionlist_fields` (`DocNum`, `DocEntry`, `lineNum`, `name`, `void`)
VALUES
  (35, 16, 8, 'Grandfather', 1);
INSERT INTO
  `selectionlist_fields` (`DocNum`, `DocEntry`, `lineNum`, `name`, `void`)
VALUES
  (36, 16, 9, 'Grandmother', 1);
INSERT INTO
  `selectionlist_fields` (`DocNum`, `DocEntry`, `lineNum`, `name`, `void`)
VALUES
  (37, 16, 10, 'Grandson', 1);
INSERT INTO
  `selectionlist_fields` (`DocNum`, `DocEntry`, `lineNum`, `name`, `void`)
VALUES
  (38, 16, 11, 'Granddaughter', 1);
INSERT INTO
  `selectionlist_fields` (`DocNum`, `DocEntry`, `lineNum`, `name`, `void`)
VALUES
  (39, 16, 12, 'Uncle', 1);
INSERT INTO
  `selectionlist_fields` (`DocNum`, `DocEntry`, `lineNum`, `name`, `void`)
VALUES
  (40, 16, 13, 'Aunt', 1);
INSERT INTO
  `selectionlist_fields` (`DocNum`, `DocEntry`, `lineNum`, `name`, `void`)
VALUES
  (41, 16, 14, 'Nephew', 1);
INSERT INTO
  `selectionlist_fields` (`DocNum`, `DocEntry`, `lineNum`, `name`, `void`)
VALUES
  (42, 16, 15, 'Niece', 1);
INSERT INTO
  `selectionlist_fields` (`DocNum`, `DocEntry`, `lineNum`, `name`, `void`)
VALUES
  (43, 16, 16, 'Cousin', 1);
INSERT INTO
  `selectionlist_fields` (`DocNum`, `DocEntry`, `lineNum`, `name`, `void`)
VALUES
  (44, 16, 17, 'Stepfather', 1);
INSERT INTO
  `selectionlist_fields` (`DocNum`, `DocEntry`, `lineNum`, `name`, `void`)
VALUES
  (45, 16, 18, 'Stepmother', 1);
INSERT INTO
  `selectionlist_fields` (`DocNum`, `DocEntry`, `lineNum`, `name`, `void`)
VALUES
  (46, 16, 19, 'Stepson', 1);
INSERT INTO
  `selectionlist_fields` (`DocNum`, `DocEntry`, `lineNum`, `name`, `void`)
VALUES
  (47, 16, 20, 'Stepdaughter', 1);
INSERT INTO
  `selectionlist_fields` (`DocNum`, `DocEntry`, `lineNum`, `name`, `void`)
VALUES
  (48, 16, 21, 'Half-brother', 1);
INSERT INTO
  `selectionlist_fields` (`DocNum`, `DocEntry`, `lineNum`, `name`, `void`)
VALUES
  (49, 16, 22, 'Half-sister', 1);
INSERT INTO
  `selectionlist_fields` (`DocNum`, `DocEntry`, `lineNum`, `name`, `void`)
VALUES
  (50, 16, 23, 'Father-in-law', 1);
INSERT INTO
  `selectionlist_fields` (`DocNum`, `DocEntry`, `lineNum`, `name`, `void`)
VALUES
  (51, 16, 24, 'Mother-in-law', 1);
INSERT INTO
  `selectionlist_fields` (`DocNum`, `DocEntry`, `lineNum`, `name`, `void`)
VALUES
  (52, 16, 25, 'Partner', 1);
INSERT INTO
  `selectionlist_fields` (`DocNum`, `DocEntry`, `lineNum`, `name`, `void`)
VALUES
  (53, 16, 26, 'Domestic Partner', 1);
INSERT INTO
  `selectionlist_fields` (`DocNum`, `DocEntry`, `lineNum`, `name`, `void`)
VALUES
  (54, 16, 27, 'Fianc', 1);
INSERT INTO
  `selectionlist_fields` (`DocNum`, `DocEntry`, `lineNum`, `name`, `void`)
VALUES
  (55, 16, 28, 'Fiance', 1);
INSERT INTO
  `selectionlist_fields` (`DocNum`, `DocEntry`, `lineNum`, `name`, `void`)
VALUES
  (56, 16, 29, 'Guardian', 1);
INSERT INTO
  `selectionlist_fields` (`DocNum`, `DocEntry`, `lineNum`, `name`, `void`)
VALUES
  (57, 16, 30, 'Ward', 1);
INSERT INTO
  `selectionlist_fields` (`DocNum`, `DocEntry`, `lineNum`, `name`, `void`)
VALUES
  (58, 16, 31, 'Adopted Child', 1);
INSERT INTO
  `selectionlist_fields` (`DocNum`, `DocEntry`, `lineNum`, `name`, `void`)
VALUES
  (59, 16, 32, 'Foster Child', 1);
INSERT INTO
  `selectionlist_fields` (`DocNum`, `DocEntry`, `lineNum`, `name`, `void`)
VALUES
  (60, 16, 33, 'Legal Dependent', 1);
INSERT INTO
  `selectionlist_fields` (`DocNum`, `DocEntry`, `lineNum`, `name`, `void`)
VALUES
  (61, 16, 34, 'Friend', 1);
INSERT INTO
  `selectionlist_fields` (`DocNum`, `DocEntry`, `lineNum`, `name`, `void`)
VALUES
  (62, 16, 35, 'Employer', 1);
INSERT INTO
  `selectionlist_fields` (`DocNum`, `DocEntry`, `lineNum`, `name`, `void`)
VALUES
  (63, 16, 36, 'Employee', 1);
INSERT INTO
  `selectionlist_fields` (`DocNum`, `DocEntry`, `lineNum`, `name`, `void`)
VALUES
  (64, 16, 37, 'Organization', 1);
INSERT INTO
  `selectionlist_fields` (`DocNum`, `DocEntry`, `lineNum`, `name`, `void`)
VALUES
  (65, 17, 2, 'Female', 1);
INSERT INTO
  `selectionlist_fields` (`DocNum`, `DocEntry`, `lineNum`, `name`, `void`)
VALUES
  (66, 17, 1, 'Male', 1);
INSERT INTO
  `selectionlist_fields` (`DocNum`, `DocEntry`, `lineNum`, `name`, `void`)
VALUES
  (67, 18, 1, 'Single', 1);
INSERT INTO
  `selectionlist_fields` (`DocNum`, `DocEntry`, `lineNum`, `name`, `void`)
VALUES
  (68, 18, 4, 'Divorced', 1);
INSERT INTO
  `selectionlist_fields` (`DocNum`, `DocEntry`, `lineNum`, `name`, `void`)
VALUES
  (69, 18, 3, 'Widowed', 1);
INSERT INTO
  `selectionlist_fields` (`DocNum`, `DocEntry`, `lineNum`, `name`, `void`)
VALUES
  (70, 18, 6, 'Annulled', 1);
INSERT INTO
  `selectionlist_fields` (`DocNum`, `DocEntry`, `lineNum`, `name`, `void`)
VALUES
  (71, 18, 5, 'Separated', 1);
INSERT INTO
  `selectionlist_fields` (`DocNum`, `DocEntry`, `lineNum`, `name`, `void`)
VALUES
  (72, 18, 2, 'Married', 1);
INSERT INTO
  `selectionlist_fields` (`DocNum`, `DocEntry`, `lineNum`, `name`, `void`)
VALUES
  (73, 18, 7, 'Engaged', 1);
INSERT INTO
  `selectionlist_fields` (`DocNum`, `DocEntry`, `lineNum`, `name`, `void`)
VALUES
  (74, 19, 1, 'Filipino', 1);
INSERT INTO
  `selectionlist_fields` (`DocNum`, `DocEntry`, `lineNum`, `name`, `void`)
VALUES
  (75, 20, 1, 'No Formal Education', 1);
INSERT INTO
  `selectionlist_fields` (`DocNum`, `DocEntry`, `lineNum`, `name`, `void`)
VALUES
  (76, 20, 1, 'No Formal Education', 1);
INSERT INTO
  `selectionlist_fields` (`DocNum`, `DocEntry`, `lineNum`, `name`, `void`)
VALUES
  (77, 20, 2, 'Elementary Level', 1);
INSERT INTO
  `selectionlist_fields` (`DocNum`, `DocEntry`, `lineNum`, `name`, `void`)
VALUES
  (78, 20, 3, 'Elementary Graduate', 1);
INSERT INTO
  `selectionlist_fields` (`DocNum`, `DocEntry`, `lineNum`, `name`, `void`)
VALUES
  (79, 20, 4, 'High School Level', 1);
INSERT INTO
  `selectionlist_fields` (`DocNum`, `DocEntry`, `lineNum`, `name`, `void`)
VALUES
  (80, 20, 5, 'High School Graduate', 1);
INSERT INTO
  `selectionlist_fields` (`DocNum`, `DocEntry`, `lineNum`, `name`, `void`)
VALUES
  (81, 20, 6, 'Vocational / Technical Course', 1);
INSERT INTO
  `selectionlist_fields` (`DocNum`, `DocEntry`, `lineNum`, `name`, `void`)
VALUES
  (82, 20, 7, 'College Level', 1);
INSERT INTO
  `selectionlist_fields` (`DocNum`, `DocEntry`, `lineNum`, `name`, `void`)
VALUES
  (83, 20, 8, 'College Graduate', 1);
INSERT INTO
  `selectionlist_fields` (`DocNum`, `DocEntry`, `lineNum`, `name`, `void`)
VALUES
  (84, 20, 9, 'Bachelor\'s Degree', 1);
INSERT INTO
  `selectionlist_fields` (`DocNum`, `DocEntry`, `lineNum`, `name`, `void`)
VALUES
  (85, 20, 10, 'Master\'s Degree', 1);
INSERT INTO
  `selectionlist_fields` (`DocNum`, `DocEntry`, `lineNum`, `name`, `void`)
VALUES
  (86, 20, 11, 'Doctorate Degree', 1);
INSERT INTO
  `selectionlist_fields` (`DocNum`, `DocEntry`, `lineNum`, `name`, `void`)
VALUES
  (87, 20, 12, 'Post-Doctorate', 1);
INSERT INTO
  `selectionlist_fields` (`DocNum`, `DocEntry`, `lineNum`, `name`, `void`)
VALUES
  (88, 20, 13, 'ALS Graduate', 1);
INSERT INTO
  `selectionlist_fields` (`DocNum`, `DocEntry`, `lineNum`, `name`, `void`)
VALUES
  (89, 20, 14, 'Undergrad (with units)', 1);
INSERT INTO
  `selectionlist_fields` (`DocNum`, `DocEntry`, `lineNum`, `name`, `void`)
VALUES
  (92, 21, 1, 'Roman Catholic', 1);
INSERT INTO
  `selectionlist_fields` (`DocNum`, `DocEntry`, `lineNum`, `name`, `void`)
VALUES
  (93, 21, 2, 'Iglesia ni Cristo', 1);
INSERT INTO
  `selectionlist_fields` (`DocNum`, `DocEntry`, `lineNum`, `name`, `void`)
VALUES
  (94, 21, 3, 'Evangelical', 1);
INSERT INTO
  `selectionlist_fields` (`DocNum`, `DocEntry`, `lineNum`, `name`, `void`)
VALUES
  (95, 21, 4, 'Protestant', 1);
INSERT INTO
  `selectionlist_fields` (`DocNum`, `DocEntry`, `lineNum`, `name`, `void`)
VALUES
  (96, 21, 5, 'Baptist', 1);
INSERT INTO
  `selectionlist_fields` (`DocNum`, `DocEntry`, `lineNum`, `name`, `void`)
VALUES
  (97, 21, 6, 'Seventh-day Adventist', 1);
INSERT INTO
  `selectionlist_fields` (`DocNum`, `DocEntry`, `lineNum`, `name`, `void`)
VALUES
  (98, 21, 7, 'Jehovahs Witnesses', 1);
INSERT INTO
  `selectionlist_fields` (`DocNum`, `DocEntry`, `lineNum`, `name`, `void`)
VALUES
  (99, 21, 8, 'Islam', 1);
INSERT INTO
  `selectionlist_fields` (`DocNum`, `DocEntry`, `lineNum`, `name`, `void`)
VALUES
  (100, 21, 9, 'Born Again Christian', 1);
INSERT INTO
  `selectionlist_fields` (`DocNum`, `DocEntry`, `lineNum`, `name`, `void`)
VALUES
  (101, 21, 10, 'Christian (Non-Denominational)', 1);
INSERT INTO
  `selectionlist_fields` (`DocNum`, `DocEntry`, `lineNum`, `name`, `void`)
VALUES
  (102, 21, 12, 'Methodist', 1);
INSERT INTO
  `selectionlist_fields` (`DocNum`, `DocEntry`, `lineNum`, `name`, `void`)
VALUES
  (103, 21, 13, 'Pentecostal', 1);
INSERT INTO
  `selectionlist_fields` (`DocNum`, `DocEntry`, `lineNum`, `name`, `void`)
VALUES
  (104, 21, 14, 'None', 1);
INSERT INTO
  `selectionlist_fields` (`DocNum`, `DocEntry`, `lineNum`, `name`, `void`)
VALUES
  (105, 22, 2, 'Wood', 1);
INSERT INTO
  `selectionlist_fields` (`DocNum`, `DocEntry`, `lineNum`, `name`, `void`)
VALUES
  (106, 22, 3, 'Concrete w/ Wood', 1);
INSERT INTO
  `selectionlist_fields` (`DocNum`, `DocEntry`, `lineNum`, `name`, `void`)
VALUES
  (107, 22, 1, 'Concrete', 1);
INSERT INTO
  `selectionlist_fields` (`DocNum`, `DocEntry`, `lineNum`, `name`, `void`)
VALUES
  (108, 22, 4, 'Other', 1);
INSERT INTO
  `selectionlist_fields` (`DocNum`, `DocEntry`, `lineNum`, `name`, `void`)
VALUES
  (109, 23, 2, 'Relative', 1);
INSERT INTO
  `selectionlist_fields` (`DocNum`, `DocEntry`, `lineNum`, `name`, `void`)
VALUES
  (110, 23, 4, 'Others', 1);
INSERT INTO
  `selectionlist_fields` (`DocNum`, `DocEntry`, `lineNum`, `name`, `void`)
VALUES
  (111, 23, 1, 'Friends', 1);
INSERT INTO
  `selectionlist_fields` (`DocNum`, `DocEntry`, `lineNum`, `name`, `void`)
VALUES
  (112, 23, 3, 'Children', 1);
INSERT INTO
  `selectionlist_fields` (`DocNum`, `DocEntry`, `lineNum`, `name`, `void`)
VALUES
  (113, 24, 4, 'Other', 1);
INSERT INTO
  `selectionlist_fields` (`DocNum`, `DocEntry`, `lineNum`, `name`, `void`)
VALUES
  (114, 24, 2, 'Laborer', 1);
INSERT INTO
  `selectionlist_fields` (`DocNum`, `DocEntry`, `lineNum`, `name`, `void`)
VALUES
  (115, 24, 1, 'Farmer', 1);
INSERT INTO
  `selectionlist_fields` (`DocNum`, `DocEntry`, `lineNum`, `name`, `void`)
VALUES
  (116, 24, 3, 'Vendor', 1);
INSERT INTO
  `selectionlist_fields` (`DocNum`, `DocEntry`, `lineNum`, `name`, `void`)
VALUES
  (117, 25, 1, '1,000 - 3,000', 1);
INSERT INTO
  `selectionlist_fields` (`DocNum`, `DocEntry`, `lineNum`, `name`, `void`)
VALUES
  (118, 25, 2, '3,001 - 8,000', 1);
INSERT INTO
  `selectionlist_fields` (`DocNum`, `DocEntry`, `lineNum`, `name`, `void`)
VALUES
  (119, 25, 4, 'Others', 1);
INSERT INTO
  `selectionlist_fields` (`DocNum`, `DocEntry`, `lineNum`, `name`, `void`)
VALUES
  (120, 25, 3, '8,001 - 15,000', 1);
INSERT INTO
  `selectionlist_fields` (`DocNum`, `DocEntry`, `lineNum`, `name`, `void`)
VALUES
  (121, 26, 3, 'Thrice a day', 1);
INSERT INTO
  `selectionlist_fields` (`DocNum`, `DocEntry`, `lineNum`, `name`, `void`)
VALUES
  (122, 26, 2, 'Twice a day', 1);
INSERT INTO
  `selectionlist_fields` (`DocNum`, `DocEntry`, `lineNum`, `name`, `void`)
VALUES
  (123, 26, 1, 'Once a day', 1);
INSERT INTO
  `selectionlist_fields` (`DocNum`, `DocEntry`, `lineNum`, `name`, `void`)
VALUES
  (124, 26, 4, '', 1);
INSERT INTO
  `selectionlist_fields` (`DocNum`, `DocEntry`, `lineNum`, `name`, `void`)
VALUES
  (125, 1, 1, 'Aplaya', 1);
INSERT INTO
  `selectionlist_fields` (`DocNum`, `DocEntry`, `lineNum`, `name`, `void`)
VALUES
  (126, 1, 2, 'Bobontugan', 1);
INSERT INTO
  `selectionlist_fields` (`DocNum`, `DocEntry`, `lineNum`, `name`, `void`)
VALUES
  (127, 1, 3, 'Corrales', 1);
INSERT INTO
  `selectionlist_fields` (`DocNum`, `DocEntry`, `lineNum`, `name`, `void`)
VALUES
  (128, 1, 4, 'Danao', 1);
INSERT INTO
  `selectionlist_fields` (`DocNum`, `DocEntry`, `lineNum`, `name`, `void`)
VALUES
  (129, 1, 5, 'Ignacio S. Cruz', 1);
INSERT INTO
  `selectionlist_fields` (`DocNum`, `DocEntry`, `lineNum`, `name`, `void`)
VALUES
  (130, 1, 6, 'Jampason', 1);
INSERT INTO
  `selectionlist_fields` (`DocNum`, `DocEntry`, `lineNum`, `name`, `void`)
VALUES
  (131, 1, 7, 'Kimaya', 1);
INSERT INTO
  `selectionlist_fields` (`DocNum`, `DocEntry`, `lineNum`, `name`, `void`)
VALUES
  (132, 1, 8, 'Lower Jasaan', 1);
INSERT INTO
  `selectionlist_fields` (`DocNum`, `DocEntry`, `lineNum`, `name`, `void`)
VALUES
  (133, 1, 9, 'Luz Banzon', 1);
INSERT INTO
  `selectionlist_fields` (`DocNum`, `DocEntry`, `lineNum`, `name`, `void`)
VALUES
  (134, 1, 10, 'Natubo', 1);
INSERT INTO
  `selectionlist_fields` (`DocNum`, `DocEntry`, `lineNum`, `name`, `void`)
VALUES
  (135, 1, 11, 'San Antonio', 1);
INSERT INTO
  `selectionlist_fields` (`DocNum`, `DocEntry`, `lineNum`, `name`, `void`)
VALUES
  (136, 1, 12, 'San Isidro', 1);
INSERT INTO
  `selectionlist_fields` (`DocNum`, `DocEntry`, `lineNum`, `name`, `void`)
VALUES
  (137, 1, 13, 'San Nicolas', 1);
INSERT INTO
  `selectionlist_fields` (`DocNum`, `DocEntry`, `lineNum`, `name`, `void`)
VALUES
  (138, 1, 14, 'Solana', 1);
INSERT INTO
  `selectionlist_fields` (`DocNum`, `DocEntry`, `lineNum`, `name`, `void`)
VALUES
  (139, 1, 15, 'Upper Jasaan', 1);

# ------------------------------------------------------------
# DATA DUMP FOR TABLE: user_notifications
# ------------------------------------------------------------

INSERT INTO
  `user_notifications` (
    `DocEntry`,
    `created_by`,
    `notif_to_id`,
    `title`,
    `msg`,
    `createdTimeStamp`,
    `isRead`,
    `void`
  )
VALUES
  (
    1,
    1,
    24,
    'General Intake',
    'General Intake Approved',
    '2025-10-15 17:43:07',
    1,
    1
  );
INSERT INTO
  `user_notifications` (
    `DocEntry`,
    `created_by`,
    `notif_to_id`,
    `title`,
    `msg`,
    `createdTimeStamp`,
    `isRead`,
    `void`
  )
VALUES
  (
    2,
    1,
    24,
    'General Intake',
    'General Intake Approved',
    '2025-10-19 18:26:22',
    1,
    1
  );
INSERT INTO
  `user_notifications` (
    `DocEntry`,
    `created_by`,
    `notif_to_id`,
    `title`,
    `msg`,
    `createdTimeStamp`,
    `isRead`,
    `void`
  )
VALUES
  (
    3,
    1,
    24,
    'Fun request Approval',
    'Fun request Approval Approved',
    '2025-10-19 18:47:39',
    1,
    1
  );
INSERT INTO
  `user_notifications` (
    `DocEntry`,
    `created_by`,
    `notif_to_id`,
    `title`,
    `msg`,
    `createdTimeStamp`,
    `isRead`,
    `void`
  )
VALUES
  (
    4,
    1,
    24,
    'Booking of Fund Request',
    'Fund Request  We are inviting you for an interview at 2025-10-23 please bring essential documents',
    '2025-10-20 00:17:40',
    1,
    1
  );
INSERT INTO
  `user_notifications` (
    `DocEntry`,
    `created_by`,
    `notif_to_id`,
    `title`,
    `msg`,
    `createdTimeStamp`,
    `isRead`,
    `void`
  )
VALUES
  (
    5,
    1,
    24,
    'Booking of Fund Request',
    'Fund Request  We are inviting you for an interview at 2025-10-21 please bring essential documents',
    '2025-10-21 13:56:24',
    1,
    1
  );
INSERT INTO
  `user_notifications` (
    `DocEntry`,
    `created_by`,
    `notif_to_id`,
    `title`,
    `msg`,
    `createdTimeStamp`,
    `isRead`,
    `void`
  )
VALUES
  (
    6,
    1,
    1,
    'General Intake',
    'General Intake Approved',
    '2025-10-21 17:36:11',
    1,
    1
  );
INSERT INTO
  `user_notifications` (
    `DocEntry`,
    `created_by`,
    `notif_to_id`,
    `title`,
    `msg`,
    `createdTimeStamp`,
    `isRead`,
    `void`
  )
VALUES
  (
    7,
    1,
    1,
    'General Intake',
    'General Intake Approved',
    '2025-10-21 17:45:33',
    1,
    1
  );
INSERT INTO
  `user_notifications` (
    `DocEntry`,
    `created_by`,
    `notif_to_id`,
    `title`,
    `msg`,
    `createdTimeStamp`,
    `isRead`,
    `void`
  )
VALUES
  (
    8,
    1,
    24,
    'Fun request Approval',
    'Fun request Approval Approved',
    '2025-10-21 23:48:42',
    0,
    1
  );
INSERT INTO
  `user_notifications` (
    `DocEntry`,
    `created_by`,
    `notif_to_id`,
    `title`,
    `msg`,
    `createdTimeStamp`,
    `isRead`,
    `void`
  )
VALUES
  (
    9,
    1,
    24,
    'Booking of Fund Request',
    'Fund Request  We are inviting you for an interview at 2025-10-22 please bring essential documents',
    '2025-10-21 23:48:53',
    0,
    1
  );
INSERT INTO
  `user_notifications` (
    `DocEntry`,
    `created_by`,
    `notif_to_id`,
    `title`,
    `msg`,
    `createdTimeStamp`,
    `isRead`,
    `void`
  )
VALUES
  (
    10,
    1,
    25,
    'General Intake',
    'General Intake Approved',
    '2025-10-22 17:21:57',
    1,
    1
  );
INSERT INTO
  `user_notifications` (
    `DocEntry`,
    `created_by`,
    `notif_to_id`,
    `title`,
    `msg`,
    `createdTimeStamp`,
    `isRead`,
    `void`
  )
VALUES
  (
    11,
    1,
    25,
    'Fun request Approval',
    'Fun request Approval Rejected',
    '2025-10-22 17:23:08',
    1,
    1
  );
INSERT INTO
  `user_notifications` (
    `DocEntry`,
    `created_by`,
    `notif_to_id`,
    `title`,
    `msg`,
    `createdTimeStamp`,
    `isRead`,
    `void`
  )
VALUES
  (
    12,
    25,
    25,
    'Fund Request Request',
    'You have successfully requested Fund Request',
    '2025-10-22 17:27:38',
    1,
    1
  );
INSERT INTO
  `user_notifications` (
    `DocEntry`,
    `created_by`,
    `notif_to_id`,
    `title`,
    `msg`,
    `createdTimeStamp`,
    `isRead`,
    `void`
  )
VALUES
  (
    13,
    1,
    25,
    'Fun request Approval',
    'Fun request Approval Rejected',
    '2025-10-22 17:28:23',
    1,
    1
  );
INSERT INTO
  `user_notifications` (
    `DocEntry`,
    `created_by`,
    `notif_to_id`,
    `title`,
    `msg`,
    `createdTimeStamp`,
    `isRead`,
    `void`
  )
VALUES
  (
    14,
    1,
    25,
    'Fun request Approval',
    'Fun request Approval Approved',
    '2025-10-22 17:28:26',
    1,
    1
  );
INSERT INTO
  `user_notifications` (
    `DocEntry`,
    `created_by`,
    `notif_to_id`,
    `title`,
    `msg`,
    `createdTimeStamp`,
    `isRead`,
    `void`
  )
VALUES
  (
    15,
    1,
    25,
    'Booking of Fund Request',
    'Fund Request  We are inviting you for an interview at 2025-10-22 please bring essential documents',
    '2025-10-22 17:34:36',
    1,
    1
  );
INSERT INTO
  `user_notifications` (
    `DocEntry`,
    `created_by`,
    `notif_to_id`,
    `title`,
    `msg`,
    `createdTimeStamp`,
    `isRead`,
    `void`
  )
VALUES
  (
    16,
    1,
    25,
    'Booking of Fund Request',
    'Fund Request  We are inviting you for an interview at 2025-10-23 please bring essential documents',
    '2025-10-22 17:34:54',
    1,
    1
  );
INSERT INTO
  `user_notifications` (
    `DocEntry`,
    `created_by`,
    `notif_to_id`,
    `title`,
    `msg`,
    `createdTimeStamp`,
    `isRead`,
    `void`
  )
VALUES
  (
    17,
    1,
    25,
    'Booking of Fund Request',
    'Fund Request  We are inviting you for an interview at 2025-10-24 please bring essential documents',
    '2025-10-22 17:35:07',
    1,
    1
  );
INSERT INTO
  `user_notifications` (
    `DocEntry`,
    `created_by`,
    `notif_to_id`,
    `title`,
    `msg`,
    `createdTimeStamp`,
    `isRead`,
    `void`
  )
VALUES
  (
    18,
    1,
    25,
    'Booking of Fund Request',
    'Fund Request  We are inviting you for an interview at 2025-10-22 please bring essential documents',
    '2025-10-22 17:47:35',
    1,
    1
  );
INSERT INTO
  `user_notifications` (
    `DocEntry`,
    `created_by`,
    `notif_to_id`,
    `title`,
    `msg`,
    `createdTimeStamp`,
    `isRead`,
    `void`
  )
VALUES
  (
    19,
    1,
    25,
    'Booking of Fund Request',
    'Fund Request  We are inviting you for an interview at 2025-10-23 please bring essential documents',
    '2025-10-22 17:47:52',
    1,
    1
  );
INSERT INTO
  `user_notifications` (
    `DocEntry`,
    `created_by`,
    `notif_to_id`,
    `title`,
    `msg`,
    `createdTimeStamp`,
    `isRead`,
    `void`
  )
VALUES
  (
    20,
    1,
    24,
    'Booking of Fund Request',
    'Fund Request  We are inviting you for an interview at 2025-10-22 please bring essential documents',
    '2025-10-22 17:48:48',
    0,
    1
  );

/*!40111 SET SQL_NOTES=@OLD_SQL_NOTES */;
/*!40101 SET SQL_MODE=@OLD_SQL_MODE */;
/*!40014 SET FOREIGN_KEY_CHECKS=@OLD_FOREIGN_KEY_CHECKS */;
/*!40101 SET CHARACTER_SET_CLIENT=@OLD_CHARACTER_SET_CLIENT */;
/*!40101 SET CHARACTER_SET_RESULTS=@OLD_CHARACTER_SET_RESULTS */;
/*!40101 SET COLLATION_CONNECTION=@OLD_COLLATION_CONNECTION */;
